Year,Date ,Hour,DataRecorded,DataReviewed,Observer,Time,Frame,Direction,Range,Length,Confidence,Comments
2024,1/24/2024,0:00,Full,First 30,BP,No fish,,,,,,
2024,1/24/2024,1:00,Full,First 30,BP,No fish,,,,,,
2024,1/24/2024,2:00,Full,First 30,BP,No fish,,,,,,
2024,1/24/2024,3:00,Full,First 30,BP,No fish,,,,,,
2024,1/24/2024,4:00,Full,First 30,BP,No fish,,,,,,
2024,1/24/2024,5:00,Full,First 30,BP,No fish,,,,,,
2024,1/24/2024,6:00,Full,First 30,BP,No fish,,,,,,
2024,1/24/2024,7:00,Full,First 30,BP,No fish,,,,,,
2024,1/24/2024,8:00,Full,First 30,BP,No fish,,,,,,
2024,1/24/2024,9:00,Full,First 30,BP,No fish,,,,,,
2024,1/24/2024,10:00,Full,First 30,BP,No fish,,,,,,
2024,1/24/2024,11:00,Full,First 30,BP,No fish,,,,,,
2024,1/24/2024,12:00,Full,First 30,BP,No fish,,,,,,
2024,1/24/2024,13:00,Full,First 30,BP,No fish,,,,,,
2024,1/24/2024,14:00,Full,First 30,BP,No fish,,,,,,
2024,1/24/2024,15:00,Full,First 30,BP,No fish,,,,,,
2024,1/24/2024,16:00,Full,First 30,BP,No fish,,,,,,
2024,1/24/2024,17:00,Full,First 30,BP,17:00:02,105,downstream,9.80,47.80,1,
2024,1/24/2024,18:00,Full,First 30,BP,No fish,,,,,,
2024,1/24/2024,19:00,Full,First 30,BP,19:19:30,5864,upstream,11.92,71.10,1,
2024,1/24/2024,20:00,Full,First 30,BP,No fish,,,,,,
2024,1/24/2024,21:00,Full,First 30,BP,21:12:31,3772,downstream,7.90,50.90,1,
2024,1/24/2024,21:00,Full,First 30,BP,21:22:05,6648,upstream,16.78,52.00,1,
2024,1/24/2024,22:00,Full,First 30,BP,No fish,,,,,,
2024,1/24/2024,23:00,Full,First 30,BP,No fish,,,,,,
2024,2/15/2024,0:00,Full,First 30,AS,No fish,,,,,,
2024,2/15/2024,0:30,Full,Second 30,AS,No fish,,,,,,
2024,2/15/2024,1:00,Full,First 30,AS,No fish,,,,,,
2024,2/15/2024,1:30,Full,Second 30,AS,No fish,,,,,,
2024,2/15/2024,2:00,Full,First 30,AS,No fish,,,,,,
2024,2/15/2024,2:30,Full,Second 30,AS,No fish,,,,,,
2024,2/15/2024,3:00,Full,First 30,AS,No fish,,,,,,
2024,2/15/2024,3:30,Full,Second 30,AS,No fish,,,,,,
2024,2/15/2024,4:00,Full,First 30,AS,No fish,,,,,,
2024,2/15/2024,4:30,Full,Second 30,AS,No fish,,,,,,
2024,2/15/2024,5:00,Full,First 30,AS,5:00:24,113,upstream,6.25,45.2,1,
2024,2/15/2024,5:30,Full,Second 30,AS,No fish,,,,,,
2024,2/15/2024,6:00,Full,First 30,AS,6:25:15,7616,downstream,10.98,47.8,1,
2024,2/15/2024,6:00,Full,First 30,AS,6:25:28,7681,downstream,8.15,55.8,1,
2024,2/15/2024,7:00,Full,First 30,AS,No fish,,,,,,
2024,2/15/2024,8:00,Full,First 30,AS,No fish,,,,,,
2024,2/15/2024,8:30,Full,Second 30,AS,No fish,,,,,,
2024,2/15/2024,9:00,Full,First 30,AS,No fish,,,,,,
2024,2/15/2024,10:00,Full,First 30,AS,No fish,,,,,,
2024,2/15/2024,10:30,Full,Second 30,AS,No fish,,,,,,
2024,2/15/2024,11:00,Full,First 30,AS,No fish,,,,,,
2024,2/15/2024,11:30,Full,Second 30,AS,No fish,,,,,,
2024,2/15/2024,12:00,Full,First 30,AS,No fish,,,,,,
2024,2/15/2024,12:30,Full,Second 30,AS,No fish,,,,,,
2024,2/15/2024,13:00,Full,First 30,AS,No fish,,,,,,
2024,2/15/2024,13:30,Full,Second 30,AS,No fish,,,,,,
2024,2/15/2024,14:00,Full,First 30,AS,14:16:20,4917,upstream,16.81,60.6,1,
2024,2/15/2024,14:30,Full,Second 30,AS,No fish,,,,,,
2024,2/15/2024,15:30,Full,Second 30,AS,No fish,,,,,,
2024,2/15/2024,17:00,Full,First 30,AS,No fish,,,,,,
2024,2/15/2024,17:30,Full,Second 30,AS,No fish,,,,,,
2024,2/15/2024,18:00,Full,First 30,AS,18:09:05,2720,upstream,16.22,45.2,1,
2024,2/15/2024,18:30,Full,Second 30,AS,18:30:20,95,upstream,9.02,55.3,1,
2024,2/15/2024,18:30,Full,Second 30,AS,18:50:36,6161,upstream,6.54,63.8,1,
2024,2/15/2024,19:00,Full,First 30,AS,19:12:36,3772,upstream,15.37,75.9,1,
2024,2/15/2024,19:00,Full,First 30,AS,19:26:51,8027,upstream,12.24,69.6,1,
2024,2/15/2024,19:30,Full,Second 30,AS,19:42:27,3714,upstream,13.98,45.4,1,
2024,2/15/2024,20:00,Full,First 30,AS,20:54:55,7397,downstream,14.7,65.3,1,
2024,2/15/2024,20:30,Full,Second 30,AS,No fish,,,,,,
2024,2/15/2024,21:00,Full,First 30,AS,21:13:53,,upstream,14.17,91.6,1,
2024,2/15/2024,21:30,Full,Second 30,AS,21:56:06,,upstream,14.32,81.7,1,
2024,2/15/2024,22:00,Full,First 30,AS,22:26:54,8048,downstream,6.36,64.6,1,
2024,2/15/2024,22:30,Full,Second 30,AS,22:34:15,1261,downstream,15.37,69.2,1,
2024,2/15/2024,0:00,Full,First 30,JE,No fish,,,,,,
2024,2/15/2024,0:30,Full,Second 30,JE,No fish,,,,,,
2024,2/15/2024,1:00,Full,First 30,JE,No fish,,,,,,
2024,2/15/2024,1:30,Full,Second 30,JE,No fish,,,,,,
2024,2/15/2024,2:00,Full,First 30,JE,No fish,,,,,,
2024,2/15/2024,2:30,Full,Second 30,JE,No fish,,,,,,
2024,2/15/2024,3:00,Full,First 30,JE,No fish,,,,,,
2024,2/15/2024,3:30,Full,Second 30,JE,No fish,,,,,,
2024,2/15/2024,4:00,Full,First 30,JE,No fish,,,,,,
2024,2/15/2024,4:30,Full,Second 30,JE,No fish,,,,,,
2024,2/15/2024,5:00,Full,First 30,JE,No fish,,,,,,
2024,2/15/2024,5:30,Full,Second 30,JE,No fish,,,,,,
2024,2/15/2024,6:00,Full,First 30,JE,No fish,,,,,,
2024,2/15/2024,6:30,Full,Second 30,JE,No fish,,,,,,
2024,2/15/2024,7:00,Full,First 30,JE,No fish,,,,,,
2024,2/15/2024,7:30,Full,Second 30,JE,No fish,,,,,,
2024,2/15/2024,8:00,Full,First 30,JE,No fish,,,,,,
2024,2/15/2024,8:30,Full,Second 30,JE,No fish,,,,,,
2024,2/15/2024,9:00,Full,First 30,JE,No fish,,,,,,
2024,2/15/2024,9:30,Full,Second 30,JE,No fish,,,,,,
2024,2/15/2024,10:00,Full,First 30,JE,No fish,,,,,,
2024,2/15/2024,10:30,Full,Second 30,JE,No fish,,,,,,
2024,2/15/2024,11:00,Full,First 30,JE,No fish,,,,,,
2024,2/15/2024,11:30,Full,Second 30,JE,No fish,,,,,,
2024,2/15/2024,12:00,Full,First 30,JE,No fish,,,,,,
2024,2/15/2024,12:30,Full,Second 30,JE,No fish,,,,,,
2024,2/15/2024,13:00,Full,First 30,JE,No fish,,,,,,
2024,2/15/2024,13:30,Full,Second 30,JE,No fish,,,,,,
2024,2/15/2024,14:00,Full,First 30,JE,No fish,,,,,,
2024,2/15/2024,14:30,Full,Second 30,JE,No fish,,,,,,
2024,2/15/2024,15:00,Full,First 30,JE,No fish,,,,,,
2024,2/15/2024,15:30,Full,Second 30,JE,No fish,,,,,,
2024,2/15/2024,16:00,Full,First 30,JE,No fish,,,,,,
2024,2/15/2024,16:30,Full,Second 30,JE,No fish,,,,,,
2024,2/15/2024,17:00,Full,First 30,JE,No fish,,,,,,
2024,2/15/2024,17:30,Full,Second 30,JE,No fish,,,,,,
2024,2/15/2024,18:00,Full,First 30,JE,No fish,,,,,,
2024,2/15/2024,18:30,Full,Second 30,JE,18:30:31,147,upstream,9.22,55.1,1,
2024,2/15/2024,18:30,Full,Second 30,JE,18:50:38,6171,upstream,6.84,58.1,1,
2024,2/15/2024,19:00,Full,First 30,JE,19:12:47,3827,upstream,13.99,68.8,1,
2024,2/15/2024,19:00,Full,First 30,JE,19:27:03,8085,upstream,14.08,65.6,1,
2024,2/15/2024,19:30,Full,Second 30,JE,No fish,,,,,,
2024,2/15/2024,20:00,Full,First 30,JE,No fish,,,,,,
2024,2/15/2024,20:30,Full,Second 30,JE,No fish,,,,,,
2024,2/15/2024,21:00,Full,First 30,JE,21:13:57,4165,upstream,14.08,73.3,1,
2024,2/15/2024,21:30,Full,Second 30,JE,21:56:05,7787,upstream,14.27,63.2,1,
2024,2/15/2024,22:00,Full,First 30,JE,No fish,,,,,,
2024,2/15/2024,22:30,Full,Second 30,JE,No fish,,,,,,
2024,2/15/2024,23:00,Full,First 30,JE,No fish,,,,,,
2024,2/15/2024,23:30,Full,Second 30,JE,No fish,,,,,,
2024,2/15/2024,0:00,Full,First 30,BP,No fish,,,,,,
2024,2/15/2024,1:00,Full,First 30,BP,No fish,,,,,,
2024,2/15/2024,2:00,Full,First 30,BP,No fish,,,,,,
2024,2/15/2024,3:00,Full,First 30,BP,3:15:56,4800,downstream,10.28,48.60,1,
2024,2/15/2024,4:00,Full,First 30,BP,No fish,,,,,,
2024,2/15/2024,5:00,Full,First 30,BP,5:00:23,108,upstream,6.51,51.00,1,
2024,2/15/2024,6:00,Full,First 30,BP,No fish,,,,,,
2024,2/15/2024,7:00,Full,First 30,BP,No fish,,,,,,
2024,2/15/2024,8:00,Full,First 30,BP,No fish,,,,,,
2024,2/15/2024,9:00,Full,First 30,BP,No fish,,,,,,
2024,2/15/2024,10:00,Full,First 30,BP,No fish,,,,,,
2024,2/15/2024,11:00,Full,First 30,BP,No fish,,,,,,
2024,2/15/2024,12:00,Full,First 30,BP,No fish,,,,,,
2024,2/15/2024,13:00,Full,First 30,BP,No fish,,,,,,
2024,2/15/2024,14:00,Full,First 30,BP,14:16:20,4916,upstream,16.81,54.70,1,
2024,2/15/2024,15:00,Full,First 30,BP,No fish,,,,,,
2024,2/15/2024,16:00,Full,First 30,BP,No fish,,,,,,
2024,2/15/2024,17:00,Full,First 30,BP,No fish,,,,,,
2024,2/15/2024,18:00,Full,First 30,BP,No fish,,,,,,
2024,2/15/2024,19:00,Full,First 30,BP,19:12:41,3796,upstream,14.41,79.30,1,
2024,2/15/2024,19:00,Full,First 30,BP,19:27:04,8089,upstream,13.97,80.30,1,
2024,2/15/2024,20:00,Full,First 30,BP,No fish,,,,,,
2024,2/15/2024,21:00,Full,First 30,BP,21:13:49,4127,upstream,14.19,94.10,1,
2024,2/15/2024,22:00,Full,First 30,BP,22:14:01,4189,upstream,20.36,61.40,1,
2024,2/15/2024,23:00,Full,First 30,BP,No fish,,,,,,
2024,2/26/2024,0:00,Full,First 30,AS,No fish,,,,,,
2024,2/26/2024,0:30,Full,Second 30,AS,No fish,,,,,,
2024,2/26/2024,1:00,Full,First 30,AS,1:16:48,4871,upstream,8.12,59,1,
2024,2/26/2024,1:30,Full,Second 30,AS,No fish,,,,,,
2024,2/26/2024,2:00,Full,First 30,AS,2:27:28,7979,upstream,16.62,65.6,1,
2024,2/26/2024,2:00,Full,First 30,AS,2:27:29,7987,upstream,16.89,66.6,1,
2024,2/26/2024,2:30,Full,Second 30,AS,No fish,,,,,,
2024,2/26/2024,3:00,Full,First 30,AS,No fish,,,,,,
2024,2/26/2024,3:30,Full,Second 30,AS,No fish,,,,,,
2024,2/26/2024,4:00,Full,First 30,AS,No fish,,,,,,
2024,2/26/2024,4:30,Full,Second 30,AS,No fish,,,,,,
2024,2/26/2024,5:00,Full,First 30,AS,No fish,,,,,,
2024,2/26/2024,5:30,Full,Second 30,AS,No fish,,,,,,
2024,2/26/2024,6:00,Full,First 30,AS,6:25:28,7387,downstream,14.29,73.8,1,
2024,2/26/2024,6:30,Full,Second 30,AS,6:41:36,3368,downstream,6.47,85.4,2,Not certain this is a fish
2024,2/26/2024,7:00,Full,First 30,AS,No fish,,,,,,
2024,2/26/2024,7:30,Full,Second 30,AS,No fish,,,,,,
2024,2/26/2024,8:00,Full,First 30,AS,No fish,,,,,,
2024,2/26/2024,8:30,Full,Second 30,AS,No fish,,,,,,
2024,2/26/2024,9:00,Full,First 30,AS,No fish,,,,,,
2024,2/26/2024,9:30,Full,Second 30,AS,No fish,,,,,,
2024,2/26/2024,10:00,Full,First 30,AS,No fish,,,,,,
2024,2/26/2024,10:30,Full,Second 30,AS,No fish,,,,,,
2024,2/26/2024,11:00,Full,First 30,AS,No fish,,,,,,
2024,2/26/2024,11:30,Full,Second 30,AS,No fish,,,,,,
2024,2/26/2024,12:00,Full,First 30,AS,No fish,,,,,,
2024,2/26/2024,12:30,Full,Second 30,AS,No fish,,,,,,
2024,2/26/2024,13:00,Full,First 30,AS,No fish,,,,,,
2024,2/26/2024,13:30,Full,Second 30,AS,No fish,,,,,,
2024,2/26/2024,14:00,Full,First 30,AS,No fish,,,,,,
2024,2/26/2024,14:30,Full,Second 30,AS,No fish,,,,,,
2024,2/26/2024,15:00,Full,First 30,AS,No fish,,,,,,
2024,2/26/2024,15:30,Full,Second 30,AS,No fish,,,,,,
2024,2/26/2024,16:00,Full,First 30,AS,No fish,,,,,,
2024,2/26/2024,16:30,Full,Second 30,AS,No fish,,,,,,
2024,2/26/2024,17:00,Full,First 30,AS,No fish,,,,,,
2024,2/26/2024,17:30,Full,Second 30,AS,No fish,,,,,,
2024,2/26/2024,18:00,Full,First 30,AS,No fish,,,,,,
2024,2/26/2024,18:30,Full,Second 30,AS,18:30:22,102,upstream,15.34,64.6,1,
2024,2/26/2024,18:30,Full,Second 30,AS,18:34:15,1218,upstream,15.09,50.8,1,
2024,2/26/2024,19:00,Full,First 30,AS,19:24:00,6942,upstream,7.34,80.7,1,
2024,2/26/2024,19:30,Full,Second 30,AS,19:48:36,5363,upstream,8.28,82.8,1,
2024,2/26/2024,19:30,Full,Second 30,AS,19:49:03,5498,upstream,11.33,76.9,1,
2024,2/26/2024,19:30,Full,Second 30,AS,19:59:09,8408,upstream,13.88,72.1,1,
2024,2/26/2024,20:00,Full,First 30,AS,20:28:36,8207,upstream,9.74,76.6,1,
2024,2/26/2024,20:30,Full,Second 30,AS,20:47:07,4936,downstream,14.4,63.5,1,
2024,2/26/2024,20:30,Full,Second 30,AS,20:53:26,6743,upstream,7.38,79.1,1,
2024,2/26/2024,21:00,Full,First 30,AS,21:29:45,8539,downstream,7.35,79.7,1,
2024,2/26/2024,21:30,Full,Second 30,AS,21:49:20,5499,upstream,13.01,74.7,1,
2024,2/26/2024,21:30,Full,Second 30,AS,21:55:01,7126,downstream,10.63,73.1,1,
2024,2/26/2024,22:00,Full,First 30,AS,22:02:24,695,downstream,5.18,48.5,2,Not certain this is a fish
2024,2/26/2024,22:30,Full,Second 30,AS,No fish,,,,,,
2024,2/26/2024,23:00,Full,First 30,AS,No fish,,,,,,
2024,2/26/2024,23:30,Full,Second 30,AS,No fish,,,,,,
2024,2/26/2024,0:00,Full,First 30,JE,No fish,,,,,,
2024,2/26/2024,0:30,Full,Second 30,JE,No fish,,,,,,
2024,2/26/2024,1:00,Full,First 30,JE,1:16:53,4890,upstream,11.45,63.1,1,
2024,2/26/2024,1:00,Full,First 30,JE,1:16:51,4884,downstream,8.29,66.1,1,"This fish travelling DS appears to spook fish above travelling US, forcing it to move about 4 meters further away from sonar very quickly "
2024,2/26/2024,1:30,Full,Second 30,JE,No fish,,,,,,
2024,2/26/2024,2:00,Full,First 30,JE,2:27:28,7982,upstream,16.47,60.6,1,
2024,2/26/2024,2:00,Full,First 30,JE,2:27:34,8014,upstream,16,61.6,1,
2024,2/26/2024,2:30,Full,Second 30,JE,No fish,,,,,,
2024,2/26/2024,3:00,Full,First 30,JE,No fish,,,,,,
2024,2/26/2024,3:30,Full,Second 30,JE,No fish,,,,,,
2024,2/26/2024,4:00,Full,First 30,JE,No fish,,,,,,
2024,2/26/2024,4:30,Full,Second 30,JE,No fish,,,,,,
2024,2/26/2024,5:00,Full,First 30,JE,No fish,,,,,,
2024,2/26/2024,5:30,Full,Second 30,JE,No fish,,,,,,
2024,2/26/2024,6:00,Full,First 30,JE,6:25:26,7376,downstream,14.32,62.9,1,
2024,2/26/2024,6:30,Full,Second 30,JE,No fish,,,,,,
2024,2/26/2024,7:00,Full,First 30,JE,No fish,,,,,,
2024,2/26/2024,7:30,Full,Second 30,JE,No fish,,,,,,
2024,2/26/2024,8:00,Full,First 30,JE,No fish,,,,,,
2024,2/26/2024,8:30,Full,Second 30,JE,No fish,,,,,,
2024,2/26/2024,9:00,Full,First 30,JE,No fish,,,,,,
2024,2/26/2024,9:30,Full,Second 30,JE,No fish,,,,,,
2024,2/26/2024,10:00,Full,First 30,JE,No fish,,,,,,
2024,2/26/2024,10:30,Full,Second 30,JE,No fish,,,,,,
2024,2/26/2024,11:00,Full,First 30,JE,No fish,,,,,,
2024,2/26/2024,11:30,Full,Second 30,JE,No fish,,,,,,
2024,2/26/2024,12:00,Full,First 30,JE,No fish,,,,,,
2024,2/26/2024,12:30,Full,Second 30,JE,No fish,,,,,,
2024,2/26/2024,13:00,Full,First 30,JE,No fish,,,,,,
2024,2/26/2024,13:30,Full,Second 30,JE,No fish,,,,,,
2024,2/26/2024,14:00,Full,First 30,JE,No fish,,,,,,
2024,2/26/2024,14:30,Full,Second 30,JE,No fish,,,,,,
2024,2/26/2024,15:00,Full,First 30,JE,No fish,,,,,,
2024,2/26/2024,15:30,Full,Second 30,JE,No fish,,,,,,
2024,2/26/2024,16:00,Full,First 30,JE,No fish,,,,,,
2024,2/26/2024,16:30,Full,Second 30,JE,No fish,,,,,,
2024,2/26/2024,17:00,Full,First 30,JE,No fish,,,,,,
2024,2/26/2024,17:30,Full,Second 30,JE,No fish,,,,,,
2024,2/26/2024,18:00,Full,First 30,JE,No fish,,,,,,
2024,2/26/2024,18:30,Full,Second 30,JE,18:30:13,60,upstream,15.03,52.6,1,
2024,2/26/2024,18:30,Full,Second 30,JE,18:34:17,1231,upstream,15.14,48.3,1,
2024,2/26/2024,19:00,Full,First 30,JE,19:24:00,6939,upstream,7.34,68.8,1,
2024,2/26/2024,19:30,Full,Second 30,JE,19:48:33,5348,upstream,8.03,66.2,1,
2024,2/26/2024,19:30,Full,Second 30,JE,19:48:52,5443,upstream,8.69,68.8,1,
2024,2/26/2024,19:30,Full,Second 30,JE,19:59:09,8408,upstream,13.96,64.2,1,
2024,2/26/2024,20:00,Full,First 30,JE,20:28:32,8186,upstream,9.05,61.8,1,
2024,2/26/2024,20:30,Full,Second 30,JE,20:52:27,6744,upstream,7.51,61.3,1,
2024,2/26/2024,21:00,Full,First 30,JE,21:29:44,8385,downstream,7.47,57.6,1,
2024,2/26/2024,21:30,Full,Second 30,JE,21:49:23,5514,upstream,13.74,61,1,
2024,2/26/2024,21:30,Full,Second 30,JE,21:55:00,7121,downstream,10.55,63.2,1,
2024,2/26/2024,22:00,Full,First 30,JE,No fish,,,,,,
2024,2/26/2024,22:30,Full,Second 30,JE,No fish,,,,,,
2024,2/26/2024,23:00,Full,First 30,JE,No fish,,,,,,
2024,2/26/2024,23:30,Full,Second 30,JE,No fish,,,,,,
2024,2/26/2024,0:00,Full,First 30,BP,No fish,,,,,,
2024,2/26/2024,1:00,Full,First 30,BP,1:16:51,4884,upstream,8.31,62.50,1,
2024,2/26/2024,1:00,Full,First 30,BP,1:16:52,4887,downstream,11.79,68.70,1,
2024,2/26/2024,1:00,Full,First 30,BP,1:23:31,6828,upstream,14.13,70.60,1,
2024,2/26/2024,2:00,Full,First 30,BP,2:19:12,5587,upstream,7.92,45.60,2,track is very distorted; not certain of fish or accurate length
2024,2/26/2024,2:00,Full,First 30,BP,2:27:34,8014,upstream,16.01,54.00,1,
2024,2/26/2024,3:00,Full,First 30,BP,No fish,,,,,,
2024,2/26/2024,4:00,Full,First 30,BP,No fish,,,,,,
2024,2/26/2024,5:00,Full,First 30,BP,No fish,,,,,,
2024,2/26/2024,6:00,Full,First 30,BP,6:25:14,7318,upstream,,,,
2024,2/26/2024,7:00,Full,First 30,BP,No fish,,,,,,
2024,2/26/2024,8:00,Full,First 30,BP,No fish,,,,,,
2024,2/26/2024,9:00,Full,First 30,BP,No fish,,,,,,
2024,2/26/2024,10:00,Full,First 30,BP,No fish,,,,,,10:42:52 the rest of the imagery turned into complete static
2024,2/26/2024,11:00,Full,First 30,BP,No fish,,,,,,
2024,2/26/2024,12:00,Full,First 30,BP,No fish,,,,,,
2024,2/26/2024,13:00,Full,First 30,BP,No fish,,,,,,
2024,2/26/2024,14:00,Full,First 30,BP,No fish,,,,,,
2024,2/26/2024,15:00,Full,First 30,BP,No fish,,,,,,
2024,2/26/2024,16:00,Full,First 30,BP,No fish,,,,,,
2024,2/26/2024,17:00,Full,First 30,BP,No fish,,,,,,
2024,2/26/2024,18:00,Full,First 30,BP,No fish,,,,,,
2024,2/26/2024,19:00,Full,First 30,BP,19:24:00,6942,upstream,7.45,70.60,1,
2024,2/26/2024,20:00,Full,First 30,BP,20:28:35,8201,upstream,9.67,66.70,1,
2024,2/26/2024,21:00,Full,First 30,BP,21:06:14,1802,downstream,9.65,53.30,1,
2024,2/26/2024,21:00,Full,First 30,BP,21:29:44,8537,downstream,7.39,72.20,2,
2024,2/26/2024,22:00,Full,First 30,BP,No fish,,,,,,
2024,2/26/2024,23:00,Full,First 30,BP,No fish,,,,,,
2024,3/6/2024,0:00,Full,First 30,AS,No fish,,,,,,
2024,3/6/2024,0:30,Full,Second 30,AS,No fish,,,,,,
2024,3/6/2024,1:00,Full,First 30,AS,No fish,,,,,,
2024,3/6/2024,1:30,Full,Second 30,AS,No fish,,,,,,
2024,3/6/2024,2:00,Full,First 30,AS,No fish,,,,,,
2024,3/6/2024,2:30,Full,Second 30,AS,2:32:43,806,upstream,9.25,68.4,1,
2024,3/6/2024,3:00,Full,First 30,AS,No fish,,,,,,
2024,3/6/2024,3:30,Full,Second 30,AS,No fish,,,,,,
2024,3/6/2024,4:00,Full,First 30,AS,No fish,,,,,,
2024,3/6/2024,4:30,Full,Second 30,AS,No fish,,,,,,
2024,3/6/2024,5:00,Full,First 30,AS,No fish,,,,,,
2024,3/6/2024,5:30,Full,Second 30,AS,No fish,,,,,,
2024,3/6/2024,6:00,Full,First 30,AS,No fish,,,,,,
2024,3/6/2024,6:30,Full,Second 30,AS,No fish,,,,,,
2024,3/6/2024,7:00,Full,First 30,AS,No fish,,,,,,
2024,3/6/2024,7:30,Full,Second 30,AS,No fish,,,,,,
2024,3/6/2024,8:00,Full,First 30,AS,No fish,,,,,,
2024,3/6/2024,8:30,Full,Second 30,AS,No fish,,,,,,
2024,3/6/2024,9:00,Full,First 30,AS,9:17:37,5252,upstream,11.35,64.5,1,
2024,3/6/2024,9:00,Full,First 30,AS,9:17:36,5249,upstream,10.98,68.9,1,
2024,3/6/2024,9:30,Full,Second 30,AS,No fish,,,,,,
2024,3/6/2024,10:00,Full,First 30,AS,No fish,,,,,,
2024,3/6/2024,10:30,Full,Second 30,AS,No fish,,,,,,
2024,3/6/2024,11:00,Full,First 30,AS,No fish,,,,,,
2024,3/6/2024,11:30,Full,Second 30,AS,No fish,,,,,,
2024,3/6/2024,12:00,Full,First 30,AS,No fish,,,,,,
2024,3/6/2024,12:30,Full,Second 30,AS,No fish,,,,,,
2024,3/6/2024,13:00,Full,First 30,AS,No fish,,,,,,
2024,3/6/2024,13:30,Full,Second 30,AS,No fish,,,,,,
2024,3/6/2024,14:00,Full,First 30,AS,No fish,,,,,,
2024,3/6/2024,14:30,Full,Second 30,AS,No fish,,,,,,
2024,3/6/2024,15:00,Full,First 30,AS,No fish,,,,,,
2024,3/6/2024,15:30,Full,Second 30,AS,No fish,,,,,,
2024,3/6/2024,16:00,Full,First 30,AS,No fish,,,,,,
2024,3/6/2024,16:30,Full,Second 30,AS,16:58:23,8440,downstream,8.76,75.9,1,
2024,3/6/2024,17:00,Full,First 30,AS,No fish,,,,,,
2024,3/6/2024,17:30,Full,Second 30,AS,No fish,,,,,,
2024,3/6/2024,18:00,Full,First 30,AS,No fish,,,,,,
2024,3/6/2024,18:30,Full,Second 30,AS,No fish,,,,,,
2024,3/6/2024,19:00,Full,First 30,AS,No fish,,,,,,
2024,3/6/2024,19:30,Full,Second 30,AS,19:56:28,7859,upstream,7.46,76,1,
2024,3/6/2024,20:00,Full,First 30,AS,No fish,,,,,,
2024,3/6/2024,20:30,Full,Second 30,AS,20:42:44,3772,downstream,8.92,66,1,
2024,3/6/2024,21:00,Full,First 30,AS,No fish,,,,,,
2024,3/6/2024,21:30,Full,Second 30,AS,No fish,,,,,,
2024,3/6/2024,22:00,Full,First 30,AS,No fish,,,,,,
2024,3/6/2024,22:30,Full,Second 30,AS,22:33:50,1142,upstream,13.47,66.4,1,
2024,3/6/2024,23:00,Full,First 30,AS,No fish,,,,,,
2024,3/6/2024,23:30,Full,Second 30,AS,No fish,,,,,,
2024,3/6/2024,0:00,Full,First 30,JE,No fish,,,,,,
2024,3/6/2024,0:30,Full,Second 30,JE,No fish,,,,,,
2024,3/6/2024,1:00,Full,First 30,JE,No fish,,,,,,
2024,3/6/2024,1:30,Full,Second 30,JE,No fish,,,,,,
2024,3/6/2024,2:00,Full,First 30,JE,No fish,,,,,,
2024,3/6/2024,2:30,Full,Second 30,JE,2:32:50,841,upstream,11.73,59.8,1,
2024,3/6/2024,3:00,Full,First 30,JE,No fish,,,,,,
2024,3/6/2024,3:30,Full,Second 30,JE,No fish,,,,,,
2024,3/6/2024,4:00,Full,First 30,JE,No fish,,,,,,
2024,3/6/2024,4:30,Full,Second 30,JE,No fish,,,,,,
2024,3/6/2024,5:00,Full,First 30,JE,No fish,,,,,,
2024,3/6/2024,5:30,Full,Second 30,JE,No fish,,,,,,
2024,3/6/2024,6:00,Full,First 30,JE,6:06:26,1906,upstream,15.37,46.5,1,Fish just barely >45cm
2024,3/6/2024,6:30,Full,Second 30,JE,No fish,,,,,,
2024,3/6/2024,7:00,Full,First 30,JE,No fish,,,,,,
2024,3/6/2024,7:30,Full,Second 30,JE,No fish,,,,,,
2024,3/6/2024,8:00,Full,First 30,JE,No fish,,,,,,
2024,3/6/2024,8:30,Full,Second 30,JE,No fish,,,,,,
2024,3/6/2024,9:00,Full,First 30,JE,9:17:36,5249,upstream,11.19,55.5,1,
2024,3/6/2024,9:00,Full,First 30,JE,9:17:36,5250,upstream,11.07,54.5,1,Two fish travelling together upstream
2024,3/6/2024,9:30,Full,Second 30,JE,No fish,,,,,,
2024,3/6/2024,10:00,Full,First 30,JE,No fish,,,,,,
2024,3/6/2024,10:30,Full,Second 30,JE,No fish,,,,,,
2024,3/6/2024,11:00,Full,First 30,JE,No fish,,,,,,
2024,3/6/2024,11:30,Full,Second 30,JE,No fish,,,,,,
2024,3/6/2024,12:00,Full,First 30,JE,No fish,,,,,,
2024,3/6/2024,12:30,Full,Second 30,JE,No fish,,,,,,
2024,3/6/2024,13:00,Full,First 30,JE,No fish,,,,,,
2024,3/6/2024,13:30,Full,Second 30,JE,No fish,,,,,,
2024,3/6/2024,14:00,Full,First 30,JE,No fish,,,,,,
2024,3/6/2024,14:30,Full,Second 30,JE,No fish,,,,,,
2024,3/6/2024,15:00,Full,First 30,JE,No fish,,,,,,
2024,3/6/2024,15:30,Full,Second 30,JE,15:47:02,5032,downstream,5.69,55.7,1,Fish appears in the middle of image but appears to have been travelling from US
2024,3/6/2024,15:30,Full,Second 30,JE,15:50:50,6165,,7.23,54.4,1,Fish appears in the middle of image and travels US past sonar. Unable to confidently determine if the fish started US or DS of sonar 
2024,3/6/2024,16:00,Full,First 30,JE,No fish,,,,,,
2024,3/6/2024,16:30,Full,Second 30,JE,16:58:23,8442,downstream,8.62,56.6,1,
2024,3/6/2024,17:00,Full,First 30,JE,No fish,,,,,,
2024,3/6/2024,17:30,Full,Second 30,JE,No fish,,,,,,
2024,3/6/2024,18:00,Full,First 30,JE,No fish,,,,,,
2024,3/6/2024,18:30,Full,Second 30,JE,No fish,,,,,,
2024,3/6/2024,19:00,Full,First 30,JE,No fish,,,,,,
2024,3/6/2024,19:30,Full,Second 30,JE,19:56:31,7872,upstream,8.12,52.6,1,
2024,3/6/2024,20:00,Full,First 30,JE,20:27:37,8224,upstream,14.04,49.8,1,
2024,3/6/2024,20:30,Full,Second 30,JE,20:42:36,3729,downstream,11.36,56.5,1,
2024,3/6/2024,21:00,Full,First 30,JE,No fish,,,,,,
2024,3/6/2024,21:30,Full,Second 30,JE,No fish,,,,,,
2024,3/6/2024,22:00,Full,First 30,JE,No fish,,,,,,
2024,3/6/2024,22:30,Full,Second 30,JE,22:33:59,1187,upstream,13.44,68.8,1,
2024,3/6/2024,23:00,Full,First 30,JE,No fish,,,,,,
2024,3/6/2024,23:30,Full,Second 30,JE,No fish,,,,,,
2024,3/6/2024,0:00,Full,First 30,BP,No fish,,,,,,continuous distortion/ static through entire 30 minute file. 
2024,3/6/2024,1:00,Full,First 30,BP,No fish,,,,,,continuous distortion/ static through entire 30 minute file. 
2024,3/6/2024,2:00,Full,First 30,BP,2:07:06,2117,downstream,8.84,54.30,2,"not confident this is a fish, it's only in a few frames. Continuous distortion/ static through entire 30 minute file. "
2024,3/6/2024,3:00,Full,First 30,BP,3:29:07,8684,upstream,19.25,51.40,2,continuous distortion/ static through entire 30 minute file.
2024,3/6/2024,4:00,Full,First 30,BP,No fish,,,,,,continuous distortion/ static through entire 30 minute file.
2024,3/6/2024,5:00,Full,First 30,BP,5:13:24,3991,upstream,15.29,51.90,1,hung around for a while; pretty sure it eventually crossed all the way through but not positive. Continuous static.
2024,3/6/2024,6:00,Full,First 30,BP,No fish,,,,,,continuous distortion/ static through entire 30 minute file.
2024,3/6/2024,7:00,Full,First 30,BP,No fish,,,,,,continuous distortion/ static through entire 30 minute file.
2024,3/6/2024,8:00,Full,First 30,BP,No fish,,,,,,continuous distortion/ static through entire 30 minute file.
2024,3/6/2024,9:00,Full,First 30,BP,9:17:36,5250,upstream,10.94,56.80,1,2 fish in the same frame
2024,3/6/2024,9:00,Full,First 30,BP,9:17:36,5250,upstream,11.22,54.20,1,continuous distortion/ static through entire 30 minute file.
2024,3/6/2024,10:00,Full,First 30,BP,No fish,,,,,,continuous distortion/ static through entire 30 minute file.
2024,3/6/2024,11:00,Full,First 30,BP,No fish,,,,,,continuous distortion/ static through entire 30 minute file.
2024,3/6/2024,12:00,Full,First 30,BP,No fish,,,,,,continuous distortion/ static through entire 30 minute file.
2024,3/6/2024,13:00,Full,First 30,BP,No fish,,,,,,continuous distortion/ static through entire 30 minute file.
2024,3/6/2024,14:00,Full,First 30,BP,No fish,,,,,,continuous distortion/ static through entire 30 minute file.
2024,3/6/2024,15:00,Full,First 30,BP,No fish,,,,,,continuous distortion/ static through entire 30 minute file.
2024,3/6/2024,16:00,Full,First 30,BP,No fish,,,,,,continuous distortion/ static through entire 30 minute file.
2024,3/6/2024,17:00,Full,First 30,BP,No fish,,,,,,continuous distortion/ static through entire 30 minute file.
2024,3/6/2024,18:00,Full,First 30,BP,No fish,,,,,,continuous distortion/ static through entire 30 minute file.
2024,3/6/2024,19:00,Full,First 30,BP,No fish,,,,,,continuous distortion/ static through entire 30 minute file.
2024,3/6/2024,20:00,Full,First 30,BP,20:27:55,8318,upstream,15.39,52.20,1,continuous distortion/ static through entire 30 minute file.
2024,3/6/2024,21:00,Full,First 30,BP,No fish,,,,,,continuous distortion/ static through entire 30 minute file.
2024,3/6/2024,22:00,Full,First 30,BP,No fish,,,,,,continuous distortion/ static through entire 30 minute file.
2024,3/6/2024,23:00,Full,First 30,BP,No fish,,,,,,continuous distortion/ static through entire 30 minute file.
2024,3/18/2024,0:00,No data,No data,AS,,,,,,,
2024,3/18/2024,0:30,No data,No data,AS,,,,,,,
2024,3/18/2024,1:00,No data,No data,AS,,,,,,,
2024,3/18/2024,1:30,No data,No data,AS,,,,,,,
2024,3/18/2024,2:00,No data,No data,AS,,,,,,,
2024,3/18/2024,2:30,No data,No data,AS,,,,,,,
2024,3/18/2024,3:00,No data,No data,AS,,,,,,,
2024,3/18/2024,3:30,No data,No data,AS,,,,,,,
2024,3/18/2024,4:00,No data,No data,AS,,,,,,,
2024,3/18/2024,4:30,No data,No data,AS,,,,,,,
2024,3/18/2024,5:00,No data,No data,AS,,,,,,,
2024,3/18/2024,5:30,No data,No data,AS,,,,,,,
2024,3/18/2024,6:00,No data,No data,AS,,,,,,,
2024,3/18/2024,6:30,No data,No data,AS,,,,,,,
2024,3/18/2024,7:00,No data,No data,AS,,,,,,,
2024,3/18/2024,7:30,No data,No data,AS,,,,,,,
2024,3/18/2024,8:00,No data,No data,AS,,,,,,,
2024,3/18/2024,8:30,No data,No data,AS,,,,,,,
2024,3/18/2024,9:00,No data,No data,AS,,,,,,,
2024,3/18/2024,9:30,No data,No data,AS,,,,,,,
2024,3/18/2024,10:00,No data,No data,AS,,,,,,,
2024,3/18/2024,10:30,No data,No data,AS,,,,,,,
2024,3/18/2024,11:00,Full,First 30,AS,No fish,,,,,,
2024,3/18/2024,11:30,Partial,Second 30,AS,No fish,,,,,,"11:30 to 11:40, 10 min recorded and reviewed"
2024,3/18/2024,11:30,Partial,Second 30,AS,No fish,,,,,,"11:40 to 12:00, 20 min recorded and reviewed"
2024,3/18/2024,12:00,Full,First 30,AS,No fish,,,,,,
2024,3/18/2024,12:30,Full,Second 30,AS,No fish,,,,,,
2024,3/18/2024,13:00,Full,First 30,AS,No fish,,,,,,
2024,3/18/2024,13:30,Full,Second 30,AS,No fish,,,,,,
2024,3/18/2024,14:00,Full,First 30,AS,No fish,,,,,,
2024,3/18/2024,14:30,Full,Second 30,AS,No fish,,,,,,
2024,3/18/2024,15:00,Full,First 30,AS,No fish,,,,,,
2024,3/18/2024,15:30,Full,Second 30,AS,No fish,,,,,,
2024,3/18/2024,16:00,Full,First 30,AS,No fish,,,,,,
2024,3/18/2024,16:30,Full,Second 30,AS,No fish,,,,,,
2024,3/18/2024,17:00,Full,First 30,AS,No fish,,,,,,
2024,3/18/2024,17:30,Full,Second 30,AS,No fish,,,,,,
2024,3/18/2024,18:00,Full,First 30,AS,No fish,,,,,,
2024,3/18/2024,18:30,Full,Second 30,AS,No fish,,,,,,
2024,3/18/2024,19:00,Full,First 30,AS,No fish,,,,,,
2024,3/18/2024,19:30,Full,Second 30,AS,No fish,,,,,,
2024,3/18/2024,20:00,Full,First 30,AS,20:00:05,,,,,,Otter chases a fish.
2024,3/18/2024,20:00,Full,First 30,AS,20:07:01,2160,upstream,16.73,58.9,1,
2024,3/18/2024,20:00,Full,First 30,AS,20:07:25,2287,upstream,13.7,77.2,1,
2024,3/18/2024,20:00,Full,First 30,AS,20:09:08,2832,downstream,15.08,59.9,1,
2024,3/18/2024,20:00,Full,First 30,AS,20:09:32,2954,upstream,12.55,84,1,
2024,3/18/2024,20:30,Full,Second 30,AS,No fish,,,,,,
2024,3/18/2024,21:00,Full,First 30,AS,21:02:14,669,upstream,7.3,66.6,1,
2024,3/18/2024,21:30,Full,Second 30,AS,21:36:15,1936,upstream,7.84,66.7,1,
2024,3/18/2024,22:00,Full,First 30,AS,No fish,,,,,,
2024,3/18/2024,22:30,Full,Second 30,AS,No fish,,,,,,
2024,3/18/2024,23:00,Full,First 30,AS,No fish,,,,,,
2024,3/18/2024,23:30,Full,Second 30,AS,23:35:01,1540,downstream,14.92,79.2,1,
2024,3/18/2024,23:30,Full,Second 30,AS,23:35:02,1546,downstream,14.65,66.5,1,
2024,3/18/2024,0:00,No data,No data,JE,,,,,,,Sonar went out
2024,3/18/2024,0:30,No data,No data,JE,,,,,,,
2024,3/18/2024,1:00,No data,No data,JE,,,,,,,
2024,3/18/2024,1:30,No data,No data,JE,,,,,,,
2024,3/18/2024,2:00,No data,No data,JE,,,,,,,
2024,3/18/2024,2:30,No data,No data,JE,,,,,,,
2024,3/18/2024,3:00,No data,No data,JE,,,,,,,
2024,3/18/2024,3:30,No data,No data,JE,,,,,,,
2024,3/18/2024,4:00,No data,No data,JE,,,,,,,
2024,3/18/2024,4:30,No data,No data,JE,,,,,,,
2024,3/18/2024,5:00,No data,No data,JE,,,,,,,
2024,3/18/2024,5:30,No data,No data,JE,,,,,,,
2024,3/18/2024,6:00,No data,No data,JE,,,,,,,
2024,3/18/2024,6:30,No data,No data,JE,,,,,,,
2024,3/18/2024,7:00,No data,No data,JE,,,,,,,
2024,3/18/2024,7:30,No data,No data,JE,,,,,,,
2024,3/18/2024,8:00,No data,No data,JE,,,,,,,
2024,3/18/2024,8:30,No data,No data,JE,,,,,,,
2024,3/18/2024,9:00,No data,No data,JE,,,,,,,
2024,3/18/2024,9:30,No data,No data,JE,,,,,,,
2024,3/18/2024,10:00,No data,No data,JE,,,,,,,
2024,3/18/2024,10:30,No data,No data,JE,,,,,,,
2024,3/18/2024,11:00,Partial,First 30,JE,No fish,,,,,,
2024,3/18/2024,11:30,Full,Second 30,JE,No fish,,,,,,
2024,3/18/2024,12:00,Full,First 30,JE,No fish,,,,,,
2024,3/18/2024,12:30,Full,Second 30,JE,No fish,,,,,,
2024,3/18/2024,13:00,Full,First 30,JE,No fish,,,,,,
2024,3/18/2024,13:30,Full,Second 30,JE,No fish,,,,,,
2024,3/18/2024,14:00,Full,First 30,JE,No fish,,,,,,
2024,3/18/2024,14:30,Full,Second 30,JE,No fish,,,,,,
2024,3/18/2024,15:00,Full,First 30,JE,No fish,,,,,,
2024,3/18/2024,15:30,Full,Second 30,JE,No fish,,,,,,
2024,3/18/2024,16:00,Full,First 30,JE,No fish,,,,,,
2024,3/18/2024,16:30,Full,Second 30,JE,No fish,,,,,,
2024,3/18/2024,17:00,Full,First 30,JE,No fish,,,,,,
2024,3/18/2024,17:30,Full,Second 30,JE,No fish,,,,,,
2024,3/18/2024,18:00,Full,First 30,JE,No fish,,,,,,
2024,3/18/2024,18:30,Full,Second 30,JE,No fish,,,,,,
2024,3/18/2024,19:00,Full,First 30,JE,No fish,,,,,,
2024,3/18/2024,19:30,Full,Second 30,JE,No fish,,,,,,
2024,3/18/2024,20:00,Full,First 30,JE,20:07:09,2202,upstream,16.61,46.4,1,
2024,3/18/2024,20:00,Full,First 30,JE,20:07:35,2339,upstream,15.37,61,1,
2024,3/18/2024,20:00,Full,First 30,JE,20:09:31,2953,upstream,12.59,68.1,1,
2024,3/18/2024,20:30,Full,Second 30,JE,No fish,,,,,,
2024,3/18/2024,21:00,Full,First 30,JE,21:02:14,667,upstream,7.1,63.5,1,
2024,3/18/2024,21:30,Full,Second 30,JE,21:36:16,1940,upstream,8.08,70.1,1,
2024,3/18/2024,22:00,Full,First 30,JE,No fish,,,,,,
2024,3/18/2024,22:30,Full,Second 30,JE,No fish,,,,,,
2024,3/18/2024,23:00,Full,First 30,JE,No fish,,,,,,
2024,3/18/2024,23:30,Full,Second 30,JE,23:35:06,1570,downstream,14.27,71.2,1,
2024,3/18/2024,23:30,Full,Second 30,JE,23:34:59,1533,downstream,15.24,73.5,1,
2024,3/18/2024,11:00,Partial,First 30,BP,No fish,,,,,,
2024,3/18/2024,12:00,Full,First 30,BP,No fish,,,,,,
2024,3/18/2024,13:00,Full,First 30,BP,No fish,,,,,,
2024,3/18/2024,14:00,Full,First 30,BP,No fish,,,,,,
2024,3/18/2024,15:00,Full,First 30,BP,No fish,,,,,,
2024,3/18/2024,16:00,Full,First 30,BP,No fish,,,,,,one small fish holding in frame for a while before moving; possible school of small fish milling around as well?
2024,3/18/2024,17:00,Full,First 30,BP,No fish,,,,,,
2024,3/18/2024,18:00,Full,First 30,BP,18:06:20,1969,downstream,11.20,55.10,2,"appeared in few DS frames, lots of distortion so hard to measure"
2024,3/18/2024,19:00,Full,First 30,BP,17:05:14,1611,downstream,19.54,109.20,2,"very large & far away from SONAR array, not totally confident this is a fish"
2024,3/18/2024,20:00,Full,First 30,BP,20:07:02,2168,upstream,16.85,55.90,1,
2024,3/18/2024,20:00,Full,First 30,BP,20:07:29,2310,upstream,14.68,65.80,1,
2024,3/18/2024,20:00,Full,First 30,BP,20:09:08,2831,downstream,15.12,50.60,1,
2024,3/18/2024,20:00,Full,First 30,BP,20:09:40,2999,upstream,14.98,70.40,1,
2024,3/18/2024,21:00,Full,First 30,BP,21:02:14,666,upstream,9.21,68.50,1,imagery is very distorted
2024,3/18/2024,22:00,Full,First 30,BP,No fish,,,,,,
2024,3/18/2024,23:00,Full,First 30,BP,23:01:21,416,upstream,20.61,74.10,2,"very distorted, at far end of the reach of the beams"
2024,3/30/2024,0:00,Full,First 30,AS,0:05:36,1698,downstream,15.84,67.2,1,
2024,3/30/2024,0:30,Full,No review,AS,,,,,,,
2024,3/30/2024,1:00,Full,First 30,AS,1:07:26,2261,downstream,14.11,72.9,1,
2024,3/30/2024,1:00,Full,First 30,AS,1:07:59,2425,upstream,13.27,71.8,1,
2024,3/30/2024,1:00,Full,First 30,AS,1:24:59,7629,upstream,14.22,66.7,1,
2024,3/30/2024,1:30,Full,No review,AS,,,,,,,
2024,3/30/2024,2:00,Full,First 30,AS,No fish,,,,,,
2024,3/30/2024,2:30,Full,No review,AS,,,,,,,
2024,3/30/2024,3:00,Full,First 30,AS,3:18:58,5785,downstream,10.94,70.3,1,
2024,3/30/2024,3:30,Full,No review,AS,,,,,,,
2024,3/30/2024,4:00,Full,First 30,AS,No fish,,,,,,
2024,3/30/2024,4:30,Full,No review,AS,,,,,,,
2024,3/30/2024,5:00,Full,First 30,AS,No fish,,,,,,
2024,3/30/2024,5:30,Full,No review,AS,,,,,,,
2024,3/30/2024,6:00,Full,First 30,AS,6:00:07,26,upstream,11.32,50.9,1,
2024,3/30/2024,6:00,Full,First 30,AS,6:03:24,1020,downstream,14.87,76.3,1,
2024,3/30/2024,6:00,Full,First 30,AS,6:09:12,2800,downstream,10.44,77,1,
2024,3/30/2024,6:00,Full,First 30,AS,6:11:50,3603,upstream,7.56,77.4,1,
2024,3/30/2024,6:00,Full,First 30,AS,6:16:15,4941,downstream,6.52,77.6,1,
2024,3/30/2024,6:30,Full,No review,AS,,,,,,,
2024,3/30/2024,7:00,Full,First 30,AS,7:12:12,3734,downstream,9.51,76.6,1,
2024,3/30/2024,7:30,Full,No review,AS,,,,,,,
2024,3/30/2024,8:00,Full,First 30,AS,No fish,,,,,,
2024,3/30/2024,8:30,Full,No review,AS,,,,,,,
2024,3/30/2024,9:00,Full,First 30,AS,No fish,,,,,,
2024,3/30/2024,9:30,Full,No review,AS,,,,,,,
2024,3/30/2024,10:00,Full,First 30,AS,No fish,,,,,,
2024,3/30/2024,10:30,Full,No review,AS,,,,,,,
2024,3/30/2024,11:00,Full,First 30,AS,No fish,,,,,,
2024,3/30/2024,11:30,Full,No review,AS,,,,,,,
2024,3/30/2024,12:00,Full,First 30,AS,No fish,,,,,,
2024,3/30/2024,12:30,Full,No review,AS,,,,,,,
2024,3/30/2024,13:00,Full,First 30,AS,No fish,,,,,,
2024,3/30/2024,13:30,Full,No review,AS,,,,,,,
2024,3/30/2024,14:00,Full,First 30,AS,14:00:56,273,upstream,14.11,86.9,1,
2024,3/30/2024,14:00,Full,First 30,AS,14:02:01,600,downstream,11.71,85.7,1,
2024,3/30/2024,14:00,Full,First 30,AS,14:09:28,2875,downstream,14.58,52.9,1,
2024,3/30/2024,14:30,Full,No review,AS,,,,,,,
2024,3/30/2024,15:00,Full,First 30,AS,No fish,,,,,,
2024,3/30/2024,15:30,Full,No review,AS,,,,,,,
2024,3/30/2024,16:00,Full,First 30,AS,No fish,,,,,,
2024,3/30/2024,16:30,Full,No review,AS,,,,,,,
2024,3/30/2024,17:00,Full,First 30,AS,No fish,,,,,,
2024,3/30/2024,17:30,Full,No review,AS,,,,,,,
2024,3/30/2024,18:00,Full,First 30,AS,No fish,,,,,,
2024,3/30/2024,18:30,Full,No review,AS,,,,,,,
2024,3/30/2024,19:00,Full,First 30,AS,No fish,,,,,,
2024,3/30/2024,19:30,Full,No review,AS,,,,,,,
2024,3/30/2024,20:00,Full,First 30,AS,20:07:43,2334,downstream,8.55,73.4,1,
2024,3/30/2024,20:00,Full,First 30,AS,20:09:39,2922,upstream,7.69,69.8,1,
2024,3/30/2024,20:00,Full,First 30,AS,20:09:41,2931,upstream,7.12,63.1,1,
2024,3/30/2024,20:00,Full,First 30,AS,20:13:18,4038,upstream,13.16,65,1,
2024,3/30/2024,20:00,Full,First 30,AS,20:18:08,5514,downstream,15.42,66.6,1,
2024,3/30/2024,20:00,Full,First 30,AS,20:19:56,6055,upstream,9.43,69.3,1,
2024,3/30/2024,20:00,Full,First 30,AS,20:21:37,6567,upstream,9.13,62.7,1,
2024,3/30/2024,20:30,Full,No review,AS,,,,,,,
2024,3/30/2024,21:00,Full,First 30,AS,21:04:48,1455,upstream,7.26,68.9,1,
2024,3/30/2024,21:00,Full,First 30,AS,21:18:10,5533,upstream,8.38,87,1,
2024,3/30/2024,21:30,Full,No review,AS,,,,,,,
2024,3/30/2024,22:00,Full,First 30,AS,22:08:54,2702,upstream,12.87,74.7,1,
2024,3/30/2024,22:00,Full,First 30,AS,22:17:03,5197,upstream,16.76,74,1,
2024,3/30/2024,22:00,Full,First 30,AS,22:24:24,7423,downstream,16.16,70.6,1,
2024,3/30/2024,22:30,Full,No review,AS,,,,,,,
2024,3/30/2024,23:00,Full,First 30,AS,23:08:47,2668,downstream,12.74,86.9,1,
2024,3/30/2024,23:00,Full,First 30,AS,23:08:50,2683,downstream,14.03,80.3,1,
2024,3/30/2024,23:00,Full,First 30,AS,23:10:29,3188,downstream,12.84,75,1,
2024,3/30/2024,23:00,Full,First 30,AS,23:13:50,4210,downstream,15.3,74.3,1,
2024,3/30/2024,23:00,Full,First 30,AS,23:15:01,4573,downstream,6.95,75.7,1,
2024,3/30/2024,23:30,Full,No review,AS,,,,,,,
2024,3/30/2024,0:00,Full,First 30,JE,0:05:36,1698,downstream,15.85,63,1,
2024,3/30/2024,0:30,Full,Second 30,JE,0:42:55,3918,downstream,11.85,63.6,1,
2024,3/30/2024,0:30,Full,Second 30,JE,0:43:36,4126,downstream,11.36,71.4,1,
2024,3/30/2024,0:30,Full,Second 30,JE,0:43:38,4135,downstream,14.57,63.4,1,
2024,3/30/2024,0:30,Full,Second 30,JE,0:45:21,4654,upstream,5.82,70.3,1,
2024,3/30/2024,0:30,Full,Second 30,JE,0:46:23,4978,upstream,14.13,68.2,1,
2024,3/30/2024,0:30,Full,Second 30,JE,0:46:51,5118,downstream,7.2,70.6,1,
2024,3/30/2024,1:00,Full,First 30,JE,1:07:27,2264,downstream,14.18,62.6,1,
2024,3/30/2024,1:00,Full,First 30,JE,1:08:01,2434,upstream,13.44,61.1,1,
2024,3/30/2024,1:00,Full,First 30,JE,1:24:49,7586,upstream,12.02,71.8,1,
2024,3/30/2024,1:30,Full,Second 30,JE,1:30:36,178,upstream,13.36,77.6,1,
2024,3/30/2024,1:30,Full,Second 30,JE,1:39:23,2847,downstream,11.12,69.2,1,
2024,3/30/2024,1:30,Full,Second 30,JE,1:43:39,4151,upstream,14.14,76.9,1,
2024,3/30/2024,1:30,Full,Second 30,JE,1:54:19,7414,downstream,8.67,69.2,1,
2024,3/30/2024,2:00,Full,First 30,JE,No fish,,,,,,
2024,3/30/2024,2:30,Full,Second 30,JE,2:33:57,1192,downstream,12.53,73.8,1,
2024,3/30/2024,2:30,Full,Second 30,JE,2:57:02,8241,upstream,15.91,72,1,
2024,3/30/2024,3:00,Full,First 30,JE,No fish,,,,,,
2024,3/30/2024,3:30,Full,Second 30,JE,3:42:08,3702,downstream,14.97,67.8,1,
2024,3/30/2024,4:00,Full,First 30,JE,No fish,,,,,,
2024,3/30/2024,4:30,Full,Second 30,JE,4:45:01,4590,upstream,10.45,57,1,
2024,3/30/2024,4:30,Full,Second 30,JE,4:49:47,6051,downstream,15.18,65.6,1,
2024,3/30/2024,5:00,Full,First 30,JE,No fish,,,,,,
2024,3/30/2024,5:30,Full,Second 30,JE,5:46:09,4954,downstream,12.57,79.8,1,
2024,3/30/2024,6:00,Full,First 30,JE,6:12:04,3668,upstream,13.6,75.6,1,
2024,3/30/2024,6:30,Full,Second 30,JE,No fish,,,,,,
2024,3/30/2024,7:00,Full,First 30,JE,No fish,,,,,,
2024,3/30/2024,7:30,Full,Second 30,JE,No fish,,,,,,
2024,3/30/2024,8:00,Full,First 30,JE,No fish,,,,,,
2024,3/30/2024,8:30,Full,Second 30,JE,No fish,,,,,,
2024,3/30/2024,9:00,Full,First 30,JE,No fish,,,,,,
2024,3/30/2024,9:30,Full,Second 30,JE,No fish,,,,,,
2024,3/30/2024,10:00,Full,First 30,JE,No fish,,,,,,
2024,3/30/2024,10:30,Full,Second 30,JE,No fish,,,,,,
2024,3/30/2024,11:00,Full,First 30,JE,No fish,,,,,,
2024,3/30/2024,11:30,Full,Second 30,JE,No fish,,,,,,
2024,3/30/2024,12:00,Full,First 30,JE,No fish,,,,,,
2024,3/30/2024,12:30,Full,Second 30,JE,No fish,,,,,,
2024,3/30/2024,13:00,Full,First 30,JE,No fish,,,,,,
2024,3/30/2024,13:30,Full,Second 30,JE,No fish,,,,,,
2024,3/30/2024,14:00,Full,First 30,JE,No fish,,,,,,
2024,3/30/2024,14:30,Full,Second 30,JE,No fish,,,,,,
2024,3/30/2024,15:00,Full,First 30,JE,No fish,,,,,,
2024,3/30/2024,15:30,Full,Second 30,JE,No fish,,,,,,
2024,3/30/2024,16:00,Full,First 30,JE,No fish,,,,,,
2024,3/30/2024,16:30,Full,Second 30,JE,No fish,,,,,,
2024,3/30/2024,17:00,Full,First 30,JE,No fish,,,,,,
2024,3/30/2024,17:30,Full,Second 30,JE,No fish,,,,,,
2024,3/30/2024,18:00,Full,First 30,JE,No fish,,,,,,
2024,3/30/2024,18:30,Full,Second 30,JE,No fish,,,,,,
2024,3/30/2024,19:00,Full,First 30,JE,No fish,,,,,,
2024,3/30/2024,19:30,Full,Second 30,JE,19:57:14,8320,upstream,13.48,73.2,1,
2024,3/30/2024,20:00,Full,First 30,JE,20:09:38,2919,upstream,7.46,45.6,1,
2024,3/30/2024,20:00,Full,First 30,JE,20:09:41,2931,upstream,7.13,60.1,1,
2024,3/30/2024,20:00,Full,First 30,JE,20:13:24,4065,upstream,14.03,55.5,1,
2024,3/30/2024,20:00,Full,First 30,JE,20:18:01,5475,downstream,15.7,59.8,1,
2024,3/30/2024,20:00,Full,First 30,JE,20:19:57,6059,upstream,9.68,52.4,1,
2024,3/30/2024,20:00,Full,First 30,JE,20:21:29,6532,upstream,8.8,60.8,1,
2024,3/30/2024,20:30,Full,Second 30,JE,20:35:12,1579,upstream,6.59,61.9,1,
2024,3/30/2024,20:30,Full,Second 30,JE,20:36:17,1903,upstream,8.48,60,1,
2024,3/30/2024,20:30,Full,Second 30,JE,20:37:41,2336,upstream,7.64,52,1,
2024,3/30/2024,20:30,Full,Second 30,JE,20:39:32,2903,downstream,10.06,51.5,1,
2024,3/30/2024,20:30,Full,Second 30,JE,20:40:11,3103,upstream,14.65,62.1,1,
2024,3/30/2024,20:30,Full,Second 30,JE,20:53:59,7316,downstream,12.8,58.4,1,
2024,3/30/2024,20:30,Full,Second 30,JE,20:56:44,8168,downstream,8.06,69.3,1,
2024,3/30/2024,21:00,Full,First 30,JE,21:04:45,1441,upstream,6.68,57.3,1,
2024,3/30/2024,21:00,Full,First 30,JE,21:18:14,5554,upstream,10.08,66.4,1,
2024,3/30/2024,21:30,Full,Second 30,JE,21:46:18,4973,upstream,8.75,63.6,1,
2024,3/30/2024,22:00,Full,First 30,JE,22:08:50,2684,upstream,12.42,58.1,1,
2024,3/30/2024,22:00,Full,First 30,JE,22:17:09,5225,upstream,16.5,68.2,1,
2024,3/30/2024,22:00,Full,First 30,JE,22:24:21,7407,downstream,16.28,62.2,1,
2024,3/30/2024,22:30,Full,Second 30,JE,22:36:07,1857,downstream,14.66,64.8,1,
2024,3/30/2024,22:30,Full,Second 30,JE,22:37:28,2268,upstream,7.02,58.5,1,
2024,3/30/2024,22:30,Full,Second 30,JE,22:38:29,2581,upstream,15.75,55.3,1,
2024,3/30/2024,22:30,Full,Second 30,JE,22:51:58,6695,upstream,5.79,65.2,1,
2024,3/30/2024,22:30,Full,Second 30,JE,22:58:50,8809,upstream,5.93,65.4,1,
2024,3/30/2024,22:30,Full,Second 30,JE,22:58:51,8811,upstream,6.01,72.9,1,
2024,3/30/2024,23:00,Full,First 30,JE,23:08:43,2648,downstream,11.98,76.4,1,
2024,3/30/2024,23:00,Full,First 30,JE,23:08:51,2688,downstream,13.8,83.4,1,
2024,3/30/2024,23:00,Full,First 30,JE,23:10:19,3138,downstream,14.43,60.5,1,
2024,3/30/2024,23:00,Full,First 30,JE,23:13:56,4237,upstream,15.24,61.8,1,
2024,3/30/2024,23:00,Full,First 30,JE,23:15:02,4575,downstream,6.73,68.3,1,
2024,3/30/2024,23:30,Full,Second 30,JE,23:47:59,5455,upstream,18.23,54.8,1,
2024,3/30/2024,23:30,Full,Second 30,JE,23:54:42,7506,upstream,6.75,61.9,1,
2024,3/30/2024,0:00,Full,First 30,BP,0:05:36,1698,downstream,15.89,63.60,1,
2024,3/30/2024,1:00,Full,First 30,BP,1:07:27,2264,downstream,14.19,61.50,1,
2024,3/30/2024,1:00,Full,First 30,BP,1:08:11,2483,upstream,14.38,68.80,1,
2024,3/30/2024,1:00,Full,First 30,BP,1:24:29,7585,upstream,12.06,76.70,1,
2024,3/30/2024,2:00,Full,First 30,BP,No fish,,,,,,
2024,3/30/2024,3:00,Full,First 30,BP,3:18:59,5787,downstream,10.53,64.20,2,
2024,3/30/2024,4:00,Full,First 30,BP,No fish,,,,,,
2024,3/30/2024,5:00,Full,First 30,BP,No fish,,,,,,
2024,3/30/2024,6:00,Full,First 30,BP,6:09:12,2801,downstream,10.57,69.60,1,
2024,3/30/2024,6:00,Full,First 30,BP,6:11:57,3635,upstream,10.44,77.50,1,
2024,3/30/2024,6:00,Full,First 30,BP,6:13:44,4178,downstream,11.58,83.50,2,not sure this is a fish
2024,3/30/2024,7:00,Full,First 30,BP,2:12:12,3733,downstream,9.43,69.20,2,not sure this is a fish; otter maybe?
2024,3/30/2024,7:00,Full,First 30,BP,7:12:13,3741,downstream,10.86,69.10,2,not sure this is a fish; otter maybe?
2024,3/30/2024,8:00,Full,First 30,BP,No fish,,,,,,
2024,3/30/2024,9:00,Full,First 30,BP,No fish,,,,,,
2024,3/30/2024,10:00,Full,First 30,BP,No fish,,,,,,
2024,3/30/2024,11:00,Full,First 30,BP,11:27:45,8438,upstream,9.97,69.90,2,
2024,3/30/2024,11:00,Full,First 30,BP,11:27:47,8448,downstream,13.45,89.60,2,
2024,3/30/2024,12:00,Full,First 30,BP,No fish,,,,,,
2024,3/30/2024,13:00,Full,First 30,BP,No fish,,,,,,
2024,3/30/2024,14:00,Full,First 30,BP,14:00:57,279,upstream,11.69,65.20,1,
2024,3/30/2024,14:00,Full,First 30,BP,14:02:03,606,downstream,11.52,74.60,1,
2024,3/30/2024,15:00,Full,First 30,BP,No fish,,,,,,
2024,3/30/2024,16:00,Full,First 30,BP,No fish,,,,,,
2024,3/30/2024,17:00,Full,First 30,BP,No fish,,,,,,
2024,3/30/2024,18:00,Full,First 30,BP,No fish,,,,,,
2024,3/30/2024,19:00,Full,First 30,BP,19:00:53,256,downstream,10.23,49.40,2,
2024,3/30/2024,20:00,Full,First 30,BP,20:09:40,2926,upstream,7.55,63.00,1,
2024,3/30/2024,20:00,Full,First 30,BP,20:09:41,2931,upstream,7.20,59.70,1,
2024,3/30/2024,20:00,Full,First 30,BP,20:13:27,4086,upstream,13.47,60.00,1,
2024,3/30/2024,20:00,Full,First 30,BP,20:18:02,5480,downstream,15.72,63.50,1,**Could be same fish in frame 2926
2024,3/30/2024,20:00,Full,First 30,BP,20:19:57,6061,upstream,9.62,64.30,1,
2024,3/30/2024,20:00,Full,First 30,BP,20:21:32,6546,upstream,9.33,56.20,1,
2024,3/30/2024,21:00,Full,First 30,BP,21:04:50,1464,upstream,7.58,61.70,1,
2024,3/30/2024,21:00,Full,First 30,BP,21:18:21,5585,upstream,12.11,88.30,1,
2024,3/30/2024,22:00,Full,First 30,BP,22:08:55,2709,upstream,13.14,81.80,1,
2024,3/30/2024,22:00,Full,First 30,BP,22:12:19,3748,downstream,14.33,92.50,2,
2024,3/30/2024,22:00,Full,First 30,BP,22:17:11,5236,upstream,16.22,81.40,1,
2024,3/30/2024,22:00,Full,First 30,BP,22:24:13,7368,downstream,16.24,64.60,1,
2024,3/30/2024,23:00,Full,First 30,BP,23:08:49,2679,downstream,13.17,74.90,1,
2024,3/30/2024,23:00,Full,First 30,BP,23:08:52,2697,downstream,13.81,85.60,1,
2024,3/30/2024,23:00,Full,First 30,BP,23:14:08,4301,upstream,16.24,62.10,1,
2024,3/30/2024,23:00,Full,First 30,BP,23:15:06,4596,downstream,7.90,66.10,1,
2024,4/8/2024,0:00,Full,First 30,AS,0:27:03,8130,downstream,6.78,60.9,1,
2024,4/8/2024,0:30,Full,No review,AS,,,,,,,
2024,4/8/2024,1:00,Full,First 30,AS,1:06:40,2016,upstream,10.87,71.5,1,
2024,4/8/2024,1:00,Full,First 30,AS,1:13:45,4130,downstream,14.05,77.3,1,
2024,4/8/2024,1:30,Full,No review,AS,,,,,,,
2024,4/8/2024,2:00,Full,First 30,AS,No fish,,,,,,
2024,4/8/2024,2:30,Full,No review,AS,,,,,,,
2024,4/8/2024,3:00,Full,First 30,AS,3:06:52,2060,upstream,9.07,83,1,
2024,4/8/2024,3:30,Full,No review,AS,,,,,,,
2024,4/8/2024,4:00,Full,First 30,AS,No fish,,,,,,
2024,4/8/2024,4:30,Full,No review,AS,,,,,,,
2024,4/8/2024,5:00,Full,First 30,AS,No fish,,,,,,
2024,4/8/2024,5:30,Full,No review,AS,,,,,,,
2024,4/8/2024,6:00,Full,First 30,AS,6:02:29,731,upstream,14.3,64.9,1,
2024,4/8/2024,6:00,Full,First 30,AS,6:05:42,1696,upstream,13.94,46.9,1,
2024,4/8/2024,6:00,Full,First 30,AS,6:12:12,3672,downstream,10.83,86.5,1,
2024,4/8/2024,6:00,Full,First 30,AS,6:13:09,3943,downstream,11.49,73.6,1,
2024,4/8/2024,6:00,Full,First 30,AS,6:19:43,5912,upstream,11.24,54.4,1,
2024,4/8/2024,6:00,Full,First 30,AS,6:20:44,6221,downstream,11.13,74.2,1,
2024,4/8/2024,6:00,Full,First 30,AS,6:21:03,6312,upstream,12.94,85.5,1,
2024,4/8/2024,6:30,Full,No review,AS,,,,,,,
2024,4/8/2024,7:00,Full,First 30,AS,No fish,,,,,,
2024,4/8/2024,7:30,Full,No review,AS,,,,,,,
2024,4/8/2024,8:00,Full,First 30,AS,No fish,,,,,,
2024,4/8/2024,8:30,Full,No review,AS,,,,,,,
2024,4/8/2024,9:00,Full,No review,AS,,,,,,,
2024,4/8/2024,9:30,Full,No review,AS,,,,,,,
2024,4/8/2024,10:00,Full,No review,AS,,,,,,,
2024,4/8/2024,10:30,Full,No review,AS,,,,,,,
2024,4/8/2024,11:00,Full,No review,AS,,,,,,,
2024,4/8/2024,11:30,Full,No review,AS,,,,,,,
2024,4/8/2024,12:00,Full,No review,AS,,,,,,,
2024,4/8/2024,12:30,Full,No review,AS,,,,,,,
2024,4/8/2024,13:00,Full,No review,AS,,,,,,,
2024,4/8/2024,13:30,Full,No review,AS,,,,,,,
2024,4/8/2024,14:00,Full,No review,AS,,,,,,,
2024,4/8/2024,14:30,Full,No review,AS,,,,,,,
2024,4/8/2024,15:00,Full,No review,AS,,,,,,,
2024,4/8/2024,15:30,Full,No review,AS,,,,,,,
2024,4/8/2024,16:00,Full,No review,AS,,,,,,,
2024,4/8/2024,16:30,Full,No review,AS,,,,,,,
2024,4/8/2024,17:00,Full,First 30,AS,No fish,,,,,,
2024,4/8/2024,17:30,Full,No review,AS,,,,,,,
2024,4/8/2024,18:00,Full,First 30,AS,No fish,,,,,,
2024,4/8/2024,18:30,Full,No review,AS,,,,,,,
2024,4/8/2024,19:00,Full,First 30,AS,No fish,,,,,,
2024,4/8/2024,19:30,Full,No review,AS,,,,,,,
2024,4/8/2024,20:00,Full,First 30,AS,20:09:35,2825,upstream,10.21,64.1,1,
2024,4/8/2024,20:00,Full,First 30,AS,20:11:45,3481,upstream,13.68,86.4,1,
2024,4/8/2024,20:30,Full,No review,AS,,,,,,,
2024,4/8/2024,21:00,Full,First 30,AS,21:03:02,899,upstream,7.54,79.1,1,
2024,4/8/2024,21:00,Full,First 30,AS,21:18:05,5372,upstream,7.18,60.7,1,
2024,4/8/2024,21:30,Full,No review,AS,,,,,,,
2024,4/8/2024,22:00,Full,First 30,AS,22:14:13,4204,upstream,6.71,64,1,
2024,4/8/2024,22:30,Full,No review,AS,,,,,,,
2024,4/8/2024,23:00,Full,First 30,AS,23:13:32,4016,downstream,9.29,74.2,1,
2024,4/8/2024,23:30,Full,No review,AS,,,,,,,
2024,4/8/2024,0:00,Full,First 30,JE,0:27:03,8130,downstream,6.77,57.9,1,
2024,4/8/2024,0:30,Full,Second 30,JE,0:38:07,2454,upstream,12.26,70.9,1,
2024,4/8/2024,1:00,Full,First 30,JE,1:06:41,2017,upstream,10.96,69.7,1,
2024,4/8/2024,1:00,Full,First 30,JE,1:13:46,4134,downstream,14.38,50.4,1,
2024,4/8/2024,1:30,Full,Second 30,JE,No fish,,,,,,
2024,4/8/2024,2:00,Full,First 30,JE,No fish,,,,,,
2024,4/8/2024,2:30,Full,Second 30,JE,2:50:13,6038,downstream,7.1,65.6,1,
2024,4/8/2024,3:00,Full,First 30,JE,3:06:52,2060,upstream,8.97,79.8,1,
2024,4/8/2024,3:30,Full,Second 30,JE,3:43:11,3961,upstream,7.11,56.3,1,
2024,4/8/2024,3:30,Full,Second 30,JE,3:55:36,7694,upstream,8.3,62.1,1,
2024,4/8/2024,4:00,Full,First 30,JE,No fish,,,,,,
2024,4/8/2024,4:30,Full,Second 30,JE,4:41:52,3545,upstream,12.62,72.1,1,
2024,4/8/2024,4:30,Full,Second 30,JE,4:50:41,6207,downstream,15.02,71.4,1,
2024,4/8/2024,5:00,Full,First 30,JE,No fish,,,,,,
2024,4/8/2024,5:30,Full,Second 30,JE,5:32:27,727,downstream,10.99,69.1,1,
2024,4/8/2024,5:30,Full,Second 30,JE,5:45:08,4540,downstream,11.32,57.3,1,
2024,4/8/2024,6:00,Full,First 30,JE,6:21:01,6302,upstream,13.58,72,1,
2024,4/8/2024,6:30,Full,Second 30,JE,No fish,,,,,,
2024,4/8/2024,7:00,Full,First 30,JE,No fish,,,,,,
2024,4/8/2024,7:30,Full,Second 30,JE,No fish,,,,,,
2024,4/8/2024,8:00,Full,First 30,JE,No fish,,,,,,
2024,4/8/2024,8:30,Full,Second 30,JE,No fish,,,,,,
2024,4/8/2024,9:00,Full,First 30,JE,No fish,,,,,,
2024,4/8/2024,9:30,Full,Second 30,JE,No fish,,,,,,
2024,4/8/2024,10:00,Full,First 30,JE,No fish,,,,,,
2024,4/8/2024,10:30,Full,Second 30,JE,No fish,,,,,,
2024,4/8/2024,11:00,Full,First 30,JE,No fish,,,,,,
2024,4/8/2024,11:30,Full,Second 30,JE,No fish,,,,,,
2024,4/8/2024,12:00,Full,First 30,JE,No fish,,,,,,
2024,4/8/2024,12:30,Full,Second 30,JE,No fish,,,,,,
2024,4/8/2024,13:00,Full,First 30,JE,No fish,,,,,,
2024,4/8/2024,13:30,Full,Second 30,JE,No fish,,,,,,
2024,4/8/2024,14:00,Full,First 30,JE,No fish,,,,,,
2024,4/8/2024,14:30,Full,Second 30,JE,No fish,,,,,,
2024,4/8/2024,15:00,Full,First 30,JE,No fish,,,,,,
2024,4/8/2024,15:30,Full,Second 30,JE,No fish,,,,,,
2024,4/8/2024,16:00,Full,First 30,JE,No fish,,,,,,
2024,4/8/2024,16:30,Full,Second 30,JE,No fish,,,,,,
2024,4/8/2024,17:00,Full,First 30,JE,No fish,,,,,,
2024,4/8/2024,17:30,Full,Second 30,JE,No fish,,,,,,
2024,4/8/2024,18:00,Full,First 30,JE,No fish,,,,,,
2024,4/8/2024,18:30,Full,Second 30,JE,No fish,,,,,,
2024,4/8/2024,19:00,Full,First 30,JE,No fish,,,,,,
2024,4/8/2024,19:30,Full,Second 30,JE,No fish,,,,,,
2024,4/8/2024,20:00,Full,First 30,JE,20:09:36,2828,upstream,10.57,54,1,
2024,4/8/2024,20:30,Full,Second 30,JE,20:42:43,3782,upstream,18.31,64.3,1,
2024,4/8/2024,20:30,Full,Second 30,JE,20:42:45,3790,upstream,16.43,63,1,
2024,4/8/2024,20:30,Full,Second 30,JE,20:42:47,3800,upstream,13.75,70.9,1,
2024,4/8/2024,20:30,Full,Second 30,JE,20:44:15,4236,upstream,9.6,52.6,1,
2024,4/8/2024,21:00,Full,First 30,JE,21:02:59,882,upstream,6.93,62.5,1,
2024,4/8/2024,21:00,Full,First 30,JE,21:18:05,5374,upstream,7.43,55,1,
2024,4/8/2024,21:30,Full,Second 30,JE,21:33:19,995,downstream,13.03,65,1,
2024,4/8/2024,22:00,Full,First 30,JE,22:14:12,4199,upstream,6.63,57.4,1,
2024,4/8/2024,22:30,Full,Second 30,JE,22:40:51,3238,downstream,16.13,68.8,1,
2024,4/8/2024,22:30,Full,Second 30,JE,22:42:53,3850,upstream,15.47,67.9,1,
2024,4/8/2024,23:00,Full,First 30,JE,No fish,,,,,,
2024,4/8/2024,23:30,Full,Second 30,JE,23:42:07,3604,upstream,10.32,66.7,1,
2024,4/8/2024,0:00,Full,First 30,BP,0:27:03,8130,upstream,6.84,56.80,1,
2024,4/8/2024,1:00,Full,First 30,BP,1:06:44,2033,upstream,10.73,76.00,1,
2024,4/8/2024,1:00,Full,First 30,BP,1:13:47,4139,downstream,14.77,73.20,1,
2024,4/8/2024,2:00,Full,First 30,BP,No fish,,,,,,
2024,4/8/2024,3:00,Full,First 30,BP,3:06:56,2077,upstream,8.36,73.80,1,
2024,4/8/2024,4:00,Full,First 30,BP,No fish,,,,,,
2024,4/8/2024,5:00,Full,First 30,BP,No fish,,,,,,
2024,4/8/2024,6:00,Full,First 30,BP,6:02:31,742,upstream,13.96,56.70,1,
2024,4/8/2024,6:00,Full,First 30,BP,6:05:43,1701,upstream,13.84,48.30,1,
2024,4/8/2024,6:00,Full,First 30,BP,6:12:13,3674,downstream,10.72,68.60,1,
2024,4/8/2024,6:00,Full,First 30,BP,6:21:02,6308,downstream,13.91,74.70,1,
2024,4/8/2024,7:00,Full,First 30,BP,No fish,,,,,,
2024,4/8/2024,8:00,Full,First 30,BP,No fish,,,,,,
2024,4/8/2024,9:00,Full,First 30,BP,No fish,,,,,,
2024,4/8/2024,10:00,Full,First 30,BP,No fish,,,,,,
2024,4/8/2024,11:00,Full,First 30,BP,No fish,,,,,,
2024,4/8/2024,12:00,Full,First 30,BP,12:00:35,162,downstream,15.36,56.90,2,
2024,4/8/2024,13:00,Full,First 30,BP,13:24:56,7461,upstream,9.32,76.20,1,
2024,4/8/2024,14:00,Full,First 30,BP,No fish,,,,,,
2024,4/8/2024,15:00,Full,First 30,BP,No fish,,,,,,
2024,4/8/2024,16:00,Full,First 30,BP,No fish,,,,,,
2024,4/8/2024,17:00,Full,First 30,BP,No fish,,,,,,
2024,4/8/2024,18:00,Full,First 30,BP,No fish,,,,,,
2024,4/8/2024,19:00,Full,First 30,BP,No fish,,,,,,
2024,4/8/2024,20:00,Full,First 30,BP,20:09:35,2825,upstream,10.43,60.30,1,
2024,4/8/2024,20:00,Full,First 30,BP,20:11:45,3480,upstream,13.77,59.70,1,"moving very fast, confident it's a fish but not confident on length"
2024,4/8/2024,21:00,Full,First 30,BP,21:03:02,900,upstream,7.68,69.80,1,
2024,4/8/2024,22:00,Full,First 30,BP,22:14:15,4210,upstream,6.20,56.70,1,
2024,4/8/2024,23:00,Full,First 30,BP,No fish,,,,,,
2024,4/20/2024,0:00,Full,First 30,JE,No fish,,,,,,
2024,4/20/2024,0:30,Full,Second 30,JE,No fish,,,,,,
2024,4/20/2024,1:00,Full,First 30,JE,1:21:26,6581,downstream,9.51,56.2,1,
2024,4/20/2024,1:00,Full,First 30,JE,1:27:42,8501,upstream,6.71,63.7,1,
2024,4/20/2024,1:30,Full,Second 30,JE,No fish,,,,,,
2024,4/20/2024,2:00,Full,First 30,JE,2:02:17,706,downstream,10.05,61.3,1,
2024,4/20/2024,2:00,Full,First 30,JE,2:02:35,798,downstream,12.73,65,1,
2024,4/20/2024,2:00,Full,First 30,JE,2:04:48,1452,upstream,13.9,59.5,1,
2024,4/20/2024,2:00,Full,First 30,JE,2:23:45,7278,downstream,10.7,69.7,1,
2024,4/20/2024,2:00,Full,First 30,JE,2:24:33,7523,upstream,11.79,73.7,1,
2024,4/20/2024,2:30,Full,Second 30,JE,2:41:50,3627,upstream,14.13,60.8,1,
2024,4/20/2024,2:30,Full,Second 30,JE,2:50:32,6310,downstream,5.98,62.2,1,
2024,4/20/2024,2:30,Full,Second 30,JE,2:51:51,6711,downstream,10.55,74.4,1,
2024,4/20/2024,2:30,Full,Second 30,JE,2:53:10,7098,upstream,13.06,62.5,1,
2024,4/20/2024,2:30,Full,Second 30,JE,2:55:40,7859,upstream,15.09,75.2,1,
2024,4/20/2024,3:00,Full,First 30,JE,3:08:58,2739,downstream,10.84,59.1,1,
2024,4/20/2024,3:00,Full,First 30,JE,3:10:07,3097,upstream,11.39,60.8,1,
2024,4/20/2024,3:00,Full,First 30,JE,3:14:17,4336,downstream,8.65,71.3,1,
2024,4/20/2024,3:30,Full,Second 30,JE,No fish,,,,,,
2024,4/20/2024,4:00,Full,First 30,JE,4:13:35,4146,upstream,12.94,61.1,1,
2024,4/20/2024,4:00,Full,First 30,JE,4:13:57,4266,downstream,11.09,55.8,1,
2024,4/20/2024,4:30,Full,Second 30,JE,4:49:19,5938,upstream,14.41,62.1,1,
2024,4/20/2024,4:30,Full,Second 30,JE,4:52:04,6795,downstream,9.2,53.4,1,
2024,4/20/2024,4:30,Full,Second 30,JE,4:55:57,8008,upstream,6.91,58.7,1,
2024,4/20/2024,5:00,Full,First 30,JE,5:02:29,767,downstream,10.6,71,1,
2024,4/20/2024,5:00,Full,First 30,JE,5:04:02,1249,downstream,15.08,54.4,1,
2024,4/20/2024,5:00,Full,First 30,JE,5:04:06,1269,downstream,14.92,66.4,1,
2024,4/20/2024,5:00,Full,First 30,JE,5:04:41,1453,downstream,9.11,63.3,1,
2024,4/20/2024,5:00,Full,First 30,JE,5:12:41,3895,downstream,8.87,62.6,1,
2024,4/20/2024,5:30,Full,Second 30,JE,5:33:36,1128,downstream,10.71,67.5,1,
2024,4/20/2024,5:30,Full,Second 30,JE,5:40:29,3234,upstream,11.29,56.6,1,
2024,4/20/2024,6:00,Full,First 30,JE,6:06:25,1966,downstream,8.73,63.1,1,
2024,4/20/2024,6:30,Full,Second 30,JE,6:42:34,3882,downstream,10.3,61.4,1,
2024,4/20/2024,7:00,Full,First 30,JE,No fish,,,,,,
2024,4/20/2024,7:30,Full,Second 30,JE,No fish,,,,,,
2024,4/20/2024,8:00,Full,First 30,JE,No fish,,,,,,
2024,4/20/2024,8:30,Full,Second 30,JE,No fish,,,,,,
2024,4/20/2024,9:00,Full,First 30,JE,No fish,,,,,,
2024,4/20/2024,9:30,Full,Second 30,JE,No fish,,,,,,
2024,4/20/2024,10:00,Full,First 30,JE,No fish,,,,,,
2024,4/20/2024,10:30,Full,Second 30,JE,No fish,,,,,,
2024,4/20/2024,11:00,Full,First 30,JE,No fish,,,,,,
2024,4/20/2024,11:30,Full,Second 30,JE,No fish,,,,,,
2024,4/20/2024,12:00,Full,First 30,JE,No fish,,,,,,
2024,4/20/2024,12:30,Full,Second 30,JE,No fish,,,,,,
2024,4/20/2024,13:00,Full,First 30,JE,No fish,,,,,,
2024,4/20/2024,13:30,Full,Second 30,JE,No fish,,,,,,
2024,4/20/2024,14:00,Full,First 30,JE,No fish,,,,,,
2024,4/20/2024,14:30,Full,Second 30,JE,No fish,,,,,,
2024,4/20/2024,15:00,Full,First 30,JE,No fish,,,,,,
2024,4/20/2024,15:30,Full,Second 30,JE,No fish,,,,,,
2024,4/20/2024,16:00,Full,First 30,JE,No fish,,,,,,
2024,4/20/2024,16:30,Full,Second 30,JE,No fish,,,,,,
2024,4/20/2024,17:00,Full,First 30,JE,No fish,,,,,,
2024,4/20/2024,17:30,Full,Second 30,JE,No fish,,,,,,
2024,4/20/2024,18:00,Full,First 30,JE,No fish,,,,,,
2024,4/20/2024,18:30,Full,Second 30,JE,No fish,,,,,,
2024,4/20/2024,19:00,Full,First 30,JE,No fish,,,,,,
2024,4/20/2024,19:30,Full,Second 30,JE,19:39:43,2991,upstream,11.18,66.4,1,
2024,4/20/2024,19:30,Full,Second 30,JE,19:58:44,8866,downstream,8.7,69.1,1,
2024,4/20/2024,20:00,Full,First 30,JE,No fish,,,,,,
2024,4/20/2024,20:30,Full,Second 30,JE,20:32:00,619,upstream,11.7,69.4,1,
2024,4/20/2024,20:30,Full,Second 30,JE,20:32:00,621,upstream,11.8,63.8,1,
2024,4/20/2024,20:30,Full,Second 30,JE,20:38:33,2610,upstream,5.25,61.1,1,
2024,4/20/2024,20:30,Full,Second 30,JE,20:48:33,5674,upstream,11.22,78.7,1,
2024,4/20/2024,20:30,Full,Second 30,JE,20:55:33,7846,upstream,14.29,68.9,1,
2024,4/20/2024,21:00,Full,First 30,JE,21:02:55,902,downstream,7.27,63.7,1,
2024,4/20/2024,21:00,Full,First 30,JE,21:09:31,2911,downstream,16.99,60.5,1,
2024,4/20/2024,21:00,Full,First 30,JE,21:16:44,5127,downstream,11.18,67.1,1,
2024,4/20/2024,21:00,Full,First 30,JE,21:18:52,5784,downstream,10.32,57.3,1,
2024,4/20/2024,21:30,Full,Second 30,JE,21:35:05,1544,upstream,11.31,60,1,
2024,4/20/2024,21:30,Full,Second 30,JE,21:49:35,6017,upstream,12.2,79.6,1,
2024,4/20/2024,22:00,Full,First 30,JE,22:24:11,7424,downstream,4.08,58.9,1,
2024,4/20/2024,22:30,Full,Second 30,JE,No fish,,,,,,
2024,4/20/2024,23:00,Full,First 30,JE,23:04:43,1380,downstream,11.65,66.9,1,
2024,4/20/2024,23:00,Full,First 30,JE,23:09:41,2931,upstream,4.74,69,1,
2024,4/20/2024,23:00,Full,First 30,JE,23:10:33,3197,upstream,11.36,71.5,1,
2024,4/20/2024,23:00,Full,First 30,JE,23:12:35,3805,downstream,11.75,68.2,1,
2024,4/20/2024,23:30,Full,Second 30,JE,23:31:43,514,downstream,9.85,65.2,1,
2024,4/20/2024,0:00,Full,First 30,BP,0:07:18,2271,upstream,21.47,97.50,2,
2024,4/20/2024,1:00,Full,First 30,BP,1:21:25,6576,downstream,9.70,71.00,1,
2024,4/20/2024,1:00,Full,First 30,BP,1:27:42,8499,upstream,6.56,64.00,1,
2024,4/20/2024,2:00,Full,First 30,BP,2:02:17,705,downstream,10.03,53.50,1,
2024,4/20/2024,2:00,Full,First 30,BP,2:02:34,796,downstream,12.75,68.60,1,
2024,4/20/2024,2:00,Full,First 30,BP,2:04:40,1411,upstream,15.77,63.30,1,
2024,4/20/2024,2:00,Full,First 30,BP,2:17:57,5481,downstream,9.13,91.00,1,
2024,4/20/2024,2:00,Full,First 30,BP,2:23:47,7287,downstream,10.47,74.40,1,
2024,4/20/2024,2:00,Full,First 30,BP,2:24:30,7509,upstream,11.31,88.50,1,
2024,4/20/2024,3:00,Full,First 30,BP,3:08:58,2738,downstream,11.20,62.10,1,
2024,4/20/2024,3:00,Full,First 30,BP,3:09:59,3054,upstream,13.56,79.50,1,
2024,4/20/2024,3:00,Full,First 30,BP,3:14:16,4332,downstream,9.23,85.20,2,
2024,4/20/2024,4:00,Full,First 30,BP,4:13:33,4137,upstream,13.35,75.50,1,
2024,4/20/2024,4:00,Full,First 30,BP,4:14:05,4306,upstream,11.33,63.20,1,
2024,4/20/2024,5:00,Full,First 30,BP,5:02:28,764,upstream,10.52,72.60,1,
2024,4/20/2024,5:00,Full,First 30,BP,5:03:35,1105,downstream,14.43,68.60,1,
2024,4/20/2024,5:00,Full,First 30,BP,5:04:06,1268,downstream,14.98,78.20,1,
2024,4/20/2024,5:00,Full,First 30,BP,5:04:39,1444,downstream,9.62,83.50,1,
2024,4/20/2024,5:00,Full,First 30,BP,5:12:41,3892,downstream,9.00,78.80,2,
2024,4/20/2024,6:00,Full,First 30,BP,6:06:25,1966,downstream,8.69,63.50,2,not enough frames to get a good look
2024,4/20/2024,7:00,Full,First 30,BP,No fish,,,,,,lots of little fish moving downstream
2024,4/20/2024,8:00,Full,First 30,BP,No fish,,,,,,lots of little fish moving downstream
2024,4/20/2024,9:00,Full,First 30,BP,No fish,,,,,,lots of little fish moving downstream
2024,4/20/2024,10:00,Full,First 30,BP,No fish,,,,,,lots of little fish moving downstream
2024,4/20/2024,11:00,Full,First 30,BP,No fish,,,,,,lots of little fish moving downstream
2024,4/20/2024,12:00,Full,First 30,BP,No fish,,,,,,lots of little fish moving downstream
2024,4/20/2024,13:00,Full,First 30,BP,No fish,,,,,,lots of little fish moving downstream
2024,4/20/2024,14:00,Full,First 30,BP,No fish,,,,,,lots of little fish moving downstream
2024,4/20/2024,15:00,Full,First 30,BP,No fish,,,,,,lots of little fish moving downstream
2024,4/20/2024,16:00,Full,First 30,BP,No fish,,,,,,lots of little fish moving downstream
2024,4/20/2024,17:00,Full,First 30,BP,No fish,,,,,,lots of little fish moving downstream
2024,4/20/2024,18:00,Full,First 30,BP,No fish,,,,,,lots of little fish moving downstream
2024,4/20/2024,19:00,Full,First 30,BP,No fish,,,,,,lots of little fish moving downstream
2024,4/20/2024,20:00,Full,First 30,BP,No fish,,,,,,lots of little fish moving downstream
2024,4/20/2024,21:00,Full,First 30,BP,21:02:54,897,downstream,7.36,76.00,1,lots of little fish moving downstream
2024,4/20/2024,21:00,Full,First 30,BP,21:16:43,5121,upstream,11.06,68.80,1,lots of little fish moving downstream
2024,4/20/2024,22:00,Full,First 30,BP,No fish,,,,,,lots of little fish moving downstream
2024,4/20/2024,23:00,Full,First 30,BP,23:04:45,1390,downstream,10.12,62.20,1,lots of little fish moving downstream
2024,4/20/2024,23:00,Full,First 30,BP,23:09:46,2959,upstream,7.02,68.40,1,
2024,4/20/2024,23:00,Full,First 30,BP,23:10:32,3194,upstream,11.28,76.70,1,
2024,4/20/2024,23:00,Full,First 30,BP,23:12:36,3808,downstream,11.64,78.00,1,may be same fish from above
2024,5/19/2024,0:00,Full,First 30,JE,No fish,,,,,,
2024,5/19/2024,0:30,Full,Second 30,JE,No fish,,,,,,
2024,5/19/2024,1:00,Full,First 30,JE,No fish,,,,,,
2024,5/19/2024,1:30,Full,Second 30,JE,No fish,,,,,,
2024,5/19/2024,2:00,Full,First 30,JE,No fish,,,,,,
2024,5/19/2024,2:30,Full,Second 30,JE,No fish,,,,,,
2024,5/19/2024,3:00,Full,First 30,JE,No fish,,,,,,
2024,5/19/2024,3:30,Full,Second 30,JE,No fish,,,,,,
2024,5/19/2024,4:00,Full,First 30,JE,No fish,,,,,,
2024,5/19/2024,4:30,Full,Second 30,JE,4:46:32,4686,downstream,14.52,66.9,1,
2024,5/19/2024,4:30,Full,Second 30,JE,4:49:10,5428,downstream,11.6,59.3,1,
2024,5/19/2024,5:00,Full,First 30,JE,No fish,,,,,,
2024,5/19/2024,5:30,Full,Second 30,JE,No fish,,,,,,
2024,5/19/2024,6:00,Full,First 30,JE,No fish,,,,,,
2024,5/19/2024,6:30,Full,Second 30,JE,No fish,,,,,,
2024,5/19/2024,7:00,Full,First 30,JE,No fish,,,,,,
2024,5/19/2024,7:30,Full,Second 30,JE,No fish,,,,,,
2024,5/19/2024,8:00,Full,First 30,JE,No fish,,,,,,
2024,5/19/2024,8:30,Full,Second 30,JE,No fish,,,,,,
2024,5/19/2024,9:00,Full,First 30,JE,No fish,,,,,,
2024,5/19/2024,9:30,Full,Second 30,JE,No fish,,,,,,
2024,5/19/2024,10:00,Full,First 30,JE,No fish,,,,,,
2024,5/19/2024,10:30,Full,Second 30,JE,No fish,,,,,,
2024,5/19/2024,11:00,Full,First 30,JE,No fish,,,,,,
2024,5/19/2024,11:30,Full,Second 30,JE,No fish,,,,,,
2024,5/19/2024,12:00,Full,First 30,JE,No fish,,,,,,
2024,5/19/2024,12:30,Full,Second 30,JE,No fish,,,,,,
2024,5/19/2024,13:00,Full,First 30,JE,No fish,,,,,,
2024,5/19/2024,13:30,Full,Second 30,JE,No fish,,,,,,
2024,5/19/2024,14:00,Full,First 30,JE,No fish,,,,,,
2024,5/19/2024,14:30,Full,Second 30,JE,No fish,,,,,,
2024,5/19/2024,15:00,Full,First 30,JE,No fish,,,,,,
2024,5/19/2024,15:30,Full,Second 30,JE,No fish,,,,,,
2024,5/19/2024,16:00,Full,First 30,JE,No fish,,,,,,
2024,5/19/2024,16:30,Full,Second 30,JE,No fish,,,,,,
2024,5/19/2024,17:00,Full,First 30,JE,No fish,,,,,,
2024,5/19/2024,17:30,Full,Second 30,JE,No fish,,,,,,
2024,5/19/2024,18:00,Full,First 30,JE,No fish,,,,,,
2024,5/19/2024,18:30,Full,Second 30,JE,No fish,,,,,,
2024,5/19/2024,19:00,Full,First 30,JE,No fish,,,,,,
2024,5/19/2024,19:30,Full,Second 30,JE,No fish,,,,,,
2024,5/19/2024,20:00,Full,First 30,JE,No fish,,,,,,
2024,5/19/2024,20:30,Full,Second 30,JE,No fish,,,,,,
2024,5/19/2024,21:00,Full,First 30,JE,No fish,,,,,,
2024,5/19/2024,21:30,Full,Second 30,JE,No fish,,,,,,
2024,5/19/2024,22:00,Full,First 30,JE,22:03:59,1039,upstream,10.69,68.2,1,
2024,5/19/2024,22:30,Full,Second 30,JE,22:30:05,19,downstream,10.61,74.7,1,
2024,5/19/2024,23:00,Full,First 30,JE,No fish,,,,,,
2024,5/19/2024,23:30,Full,Second 30,JE,No fish,,,,,,
2024,5/19/2024,0:00,Full,First 30,BP,0:04:03,1135,Downstream,9.68,63.60,1,
2024,5/19/2024,1:00,Full,First 30,BP,1:15:20,440,Downstream,6.86,78.80,2,
2024,5/19/2024,2:00,Full,First 30,BP,No fish,,,,,,
2024,5/19/2024,3:00,Full,First 30,BP,No fish,,,,,,
2024,5/19/2024,4:00,Full,First 30,BP,No fish,,,,,,
2024,5/19/2024,5:00,Full,First 30,BP,No fish,,,,,,"lots of ""fuzzy"" tracks passing downstream through beams, I'm thinking maybe schools of small fish?"
2024,5/19/2024,6:00,Full,First 30,BP,No fish,,,,,,
2024,5/19/2024,7:00,Full,First 30,BP,No fish,,,,,,
2024,5/19/2024,8:00,Full,First 30,BP,No fish,,,,,,
2024,5/19/2024,9:00,Full,First 30,BP,No fish,,,,,,
2024,5/19/2024,10:00,Full,First 30,BP,No fish,,,,,,
2024,5/19/2024,11:00,Full,First 30,BP,No fish,,,,,,
2024,5/19/2024,12:00,Full,First 30,BP,No fish,,,,,,
2024,5/19/2024,13:00,Full,First 30,BP,No fish,,,,,,
2024,5/19/2024,14:00,Full,First 30,BP,No fish,,,,,,
2024,5/19/2024,15:00,Full,First 30,BP,No fish,,,,,,
2024,5/19/2024,16:00,Full,First 30,BP,No fish,,,,,,
2024,5/19/2024,17:00,Full,First 30,BP,No fish,,,,,,
2024,5/19/2024,18:00,Full,First 30,BP,No fish,,,,,,
2024,5/19/2024,19:00,Full,First 30,BP,No fish,,,,,,
2024,5/19/2024,20:00,Full,First 30,BP,No fish,,,,,,
2024,5/19/2024,21:00,Full,First 30,BP,No fish,,,,,,"lots of ""fuzzy"" tracks passing downstream through beams, I'm thinking maybe schools of small fish?"
2024,5/19/2024,22:00,Full,First 30,BP,22:04:03,1060,Upstream,10.41,68.40,1,
2024,5/19/2024,23:00,Full,First 30,BP,No fish,,,,,,
2024,5/19/2024,0:30,Full,No review,BP,,,,,,,
2024,5/19/2024,1:30,Full,No review,BP,,,,,,,
2024,5/19/2024,2:30,Full,No review,BP,,,,,,,
2024,5/19/2024,3:30,Full,No review,BP,,,,,,,
2024,5/19/2024,4:30,Full,No review,BP,,,,,,,
2024,5/19/2024,5:30,Full,No review,BP,,,,,,,
2024,5/19/2024,6:30,Full,No review,BP,,,,,,,
2024,5/19/2024,7:30,Full,No review,BP,,,,,,,
2024,5/19/2024,8:30,Full,No review,BP,,,,,,,
2024,5/19/2024,9:30,Full,No review,BP,,,,,,,
2024,5/19/2024,10:30,Full,No review,BP,,,,,,,
2024,5/19/2024,11:30,Full,No review,BP,,,,,,,
2024,5/19/2024,12:30,Full,No review,BP,,,,,,,
2024,5/19/2024,13:30,Full,No review,BP,,,,,,,
2024,5/19/2024,14:30,Full,No review,BP,,,,,,,
2024,5/19/2024,15:30,Full,No review,BP,,,,,,,
2024,5/19/2024,16:30,Full,No review,BP,,,,,,,
2024,5/19/2024,17:30,Full,No review,BP,,,,,,,
2024,5/19/2024,18:30,Full,No review,BP,,,,,,,
2024,5/19/2024,19:30,Full,No review,BP,,,,,,,
2024,5/19/2024,20:30,Full,No review,BP,,,,,,,
2024,5/19/2024,21:30,Full,No review,BP,,,,,,,
2024,5/19/2024,22:30,Full,No review,BP,,,,,,,
2024,5/19/2024,23:30,Full,No review,BP,,,,,,,
2024,1/24/2024,0:30,,No review,BP,,,,,,,
2024,1/24/2024,1:30,,No review,BP,,,,,,,
2024,1/24/2024,2:30,,No review,BP,,,,,,,
2024,1/24/2024,3:30,,No review,BP,,,,,,,
2024,1/24/2024,4:30,,No review,BP,,,,,,,
2024,1/24/2024,5:30,,No review,BP,,,,,,,
2024,1/24/2024,6:30,,No review,BP,,,,,,,
2024,1/24/2024,7:30,,No review,BP,,,,,,,
2024,1/24/2024,8:30,,No review,BP,,,,,,,
2024,1/24/2024,9:30,,No review,BP,,,,,,,
2024,1/24/2024,10:30,,No review,BP,,,,,,,
2024,1/24/2024,11:30,,No review,BP,,,,,,,
2024,1/24/2024,12:30,,No review,BP,,,,,,,
2024,1/24/2024,13:30,,No review,BP,,,,,,,
2024,1/24/2024,14:30,,No review,BP,,,,,,,
2024,1/24/2024,15:30,,No review,BP,,,,,,,
2024,1/24/2024,16:30,,No review,BP,,,,,,,
2024,1/24/2024,17:30,,No review,BP,,,,,,,
2024,1/24/2024,18:30,,No review,BP,,,,,,,
2024,1/24/2024,19:30,,No review,BP,,,,,,,
2024,1/24/2024,20:30,,No review,BP,,,,,,,
2024,1/24/2024,21:30,,No review,BP,,,,,,,
2024,1/24/2024,22:30,,No review,BP,,,,,,,
2024,1/24/2024,23:30,,No review,BP,,,,,,,
2024,2/15/2024,0:30,,No review,BP,,,,,,,
2024,2/15/2024,1:30,,No review,BP,,,,,,,
2024,2/15/2024,2:30,,No review,BP,,,,,,,
2024,2/15/2024,3:30,,No review,BP,,,,,,,
2024,2/15/2024,4:30,,No review,BP,,,,,,,
2024,2/15/2024,5:30,,No review,BP,,,,,,,
2024,2/15/2024,6:30,,No review,BP,,,,,,,
2024,2/15/2024,7:30,,No review,BP,,,,,,,
2024,2/15/2024,8:30,,No review,BP,,,,,,,
2024,2/15/2024,9:30,,No review,BP,,,,,,,
2024,2/15/2024,10:30,,No review,BP,,,,,,,
2024,2/15/2024,11:30,,No review,BP,,,,,,,
2024,2/15/2024,12:30,,No review,BP,,,,,,,
2024,2/15/2024,13:30,,No review,BP,,,,,,,
2024,2/15/2024,14:30,,No review,BP,,,,,,,
2024,2/15/2024,15:30,,No review,BP,,,,,,,
2024,2/15/2024,16:30,,No review,BP,,,,,,,
2024,2/15/2024,17:30,,No review,BP,,,,,,,
2024,2/15/2024,18:30,,No review,BP,,,,,,,
2024,2/15/2024,19:30,,No review,BP,,,,,,,
2024,2/15/2024,20:30,,No review,BP,,,,,,,
2024,2/15/2024,21:30,,No review,BP,,,,,,,
2024,2/15/2024,22:30,,No review,BP,,,,,,,
2024,2/15/2024,23:30,,No review,BP,,,,,,,
2024,2/26/2024,0:30,,No review,BP,,,,,,,
2024,2/26/2024,1:30,,No review,BP,,,,,,,
2024,2/26/2024,2:30,,No review,BP,,,,,,,
2024,2/26/2024,3:30,,No review,BP,,,,,,,
2024,2/26/2024,4:30,,No review,BP,,,,,,,
2024,2/26/2024,5:30,,No review,BP,,,,,,,
2024,2/26/2024,6:30,,No review,BP,,,,,,,
2024,2/26/2024,7:30,,No review,BP,,,,,,,
2024,2/26/2024,8:30,,No review,BP,,,,,,,
2024,2/26/2024,9:30,,No review,BP,,,,,,,
2024,2/26/2024,10:30,,No review,BP,,,,,,,
2024,2/26/2024,11:30,,No review,BP,,,,,,,
2024,2/26/2024,12:30,,No review,BP,,,,,,,
2024,2/26/2024,13:30,,No review,BP,,,,,,,
2024,2/26/2024,14:30,,No review,BP,,,,,,,
2024,2/26/2024,15:30,,No review,BP,,,,,,,
2024,2/26/2024,16:30,,No review,BP,,,,,,,
2024,2/26/2024,17:30,,No review,BP,,,,,,,
2024,2/26/2024,18:30,,No review,BP,,,,,,,
2024,2/26/2024,19:30,,No review,BP,,,,,,,
2024,2/26/2024,20:30,,No review,BP,,,,,,,
2024,2/26/2024,21:30,,No review,BP,,,,,,,
2024,2/26/2024,22:30,,No review,BP,,,,,,,
2024,2/26/2024,23:30,,No review,BP,,,,,,,
2024,3/6/2024,0:30,,No review,BP,,,,,,,
2024,3/6/2024,1:30,,No review,BP,,,,,,,
2024,3/6/2024,2:30,,No review,BP,,,,,,,
2024,3/6/2024,3:30,,No review,BP,,,,,,,
2024,3/6/2024,4:30,,No review,BP,,,,,,,
2024,3/6/2024,5:30,,No review,BP,,,,,,,
2024,3/6/2024,6:30,,No review,BP,,,,,,,
2024,3/6/2024,7:30,,No review,BP,,,,,,,
2024,3/6/2024,8:30,,No review,BP,,,,,,,
2024,3/6/2024,9:30,,No review,BP,,,,,,,
2024,3/6/2024,10:30,,No review,BP,,,,,,,
2024,3/6/2024,11:30,,No review,BP,,,,,,,
2024,3/6/2024,12:30,,No review,BP,,,,,,,
2024,3/6/2024,13:30,,No review,BP,,,,,,,
2024,3/6/2024,14:30,,No review,BP,,,,,,,
2024,3/6/2024,15:30,,No review,BP,,,,,,,
2024,3/6/2024,16:30,,No review,BP,,,,,,,
2024,3/6/2024,17:30,,No review,BP,,,,,,,
2024,3/6/2024,18:30,,No review,BP,,,,,,,
2024,3/6/2024,19:30,,No review,BP,,,,,,,
2024,3/6/2024,20:30,,No review,BP,,,,,,,
2024,3/6/2024,21:30,,No review,BP,,,,,,,
2024,3/6/2024,22:30,,No review,BP,,,,,,,
2024,3/6/2024,23:30,,No review,BP,,,,,,,
2024,3/18/2024,11:30,,No review,BP,,,,,,,
2024,3/18/2024,12:30,,No review,BP,,,,,,,
2024,3/18/2024,13:30,,No review,BP,,,,,,,
2024,3/18/2024,14:30,,No review,BP,,,,,,,
2024,3/18/2024,15:30,,No review,BP,,,,,,,
2024,3/18/2024,16:30,,No review,BP,,,,,,,
2024,3/18/2024,17:30,,No review,BP,,,,,,,
2024,3/18/2024,18:30,,No review,BP,,,,,,,
2024,3/18/2024,19:30,,No review,BP,,,,,,,
2024,3/18/2024,20:30,,No review,BP,,,,,,,
2024,3/18/2024,21:30,,No review,BP,,,,,,,
2024,3/18/2024,22:30,,No review,BP,,,,,,,
2024,3/18/2024,23:30,,No review,BP,,,,,,,
2024,3/30/2024,0:30,,No review,BP,,,,,,,
2024,3/30/2024,1:30,,No review,BP,,,,,,,
2024,3/30/2024,2:30,,No review,BP,,,,,,,
2024,3/30/2024,3:30,,No review,BP,,,,,,,
2024,3/30/2024,4:30,,No review,BP,,,,,,,
2024,3/30/2024,5:30,,No review,BP,,,,,,,
2024,3/30/2024,6:30,,No review,BP,,,,,,,
2024,3/30/2024,7:30,,No review,BP,,,,,,,
2024,3/30/2024,8:30,,No review,BP,,,,,,,
2024,3/30/2024,9:30,,No review,BP,,,,,,,
2024,3/30/2024,10:30,,No review,BP,,,,,,,
2024,3/30/2024,11:30,,No review,BP,,,,,,,
2024,3/30/2024,12:30,,No review,BP,,,,,,,
2024,3/30/2024,13:30,,No review,BP,,,,,,,
2024,3/30/2024,14:30,,No review,BP,,,,,,,
2024,3/30/2024,15:30,,No review,BP,,,,,,,
2024,3/30/2024,16:30,,No review,BP,,,,,,,
2024,3/30/2024,17:30,,No review,BP,,,,,,,
2024,3/30/2024,18:30,,No review,BP,,,,,,,
2024,3/30/2024,19:30,,No review,BP,,,,,,,
2024,3/30/2024,20:30,,No review,BP,,,,,,,
2024,3/30/2024,21:30,,No review,BP,,,,,,,
2024,3/30/2024,22:30,,No review,BP,,,,,,,
2024,3/30/2024,23:30,,No review,BP,,,,,,,
2024,4/8/2024,0:30,,No review,BP,,,,,,,
2024,4/8/2024,1:30,,No review,BP,,,,,,,
2024,4/8/2024,2:30,,No review,BP,,,,,,,
2024,4/8/2024,3:30,,No review,BP,,,,,,,
2024,4/8/2024,4:30,,No review,BP,,,,,,,
2024,4/8/2024,5:30,,No review,BP,,,,,,,
2024,4/8/2024,6:30,,No review,BP,,,,,,,
2024,4/8/2024,7:30,,No review,BP,,,,,,,
2024,4/8/2024,8:30,,No review,BP,,,,,,,
2024,4/8/2024,9:30,,No review,BP,,,,,,,
2024,4/8/2024,10:30,,No review,BP,,,,,,,
2024,4/8/2024,11:30,,No review,BP,,,,,,,
2024,4/8/2024,12:30,,No review,BP,,,,,,,
2024,4/8/2024,13:30,,No review,BP,,,,,,,
2024,4/8/2024,14:30,,No review,BP,,,,,,,
2024,4/8/2024,15:30,,No review,BP,,,,,,,
2024,4/8/2024,16:30,,No review,BP,,,,,,,
2024,4/8/2024,17:30,,No review,BP,,,,,,,
2024,4/8/2024,18:30,,No review,BP,,,,,,,
2024,4/8/2024,19:30,,No review,BP,,,,,,,
2024,4/8/2024,20:30,,No review,BP,,,,,,,
2024,4/8/2024,21:30,,No review,BP,,,,,,,
2024,4/8/2024,22:30,,No review,BP,,,,,,,
2024,4/8/2024,23:30,,No review,BP,,,,,,,
2024,4/20/2024,0:30,,No review,BP,,,,,,,
2024,4/20/2024,1:30,,No review,BP,,,,,,,
2024,4/20/2024,2:30,,No review,BP,,,,,,,
2024,4/20/2024,3:30,,No review,BP,,,,,,,
2024,4/20/2024,4:30,,No review,BP,,,,,,,
2024,4/20/2024,5:30,,No review,BP,,,,,,,
2024,4/20/2024,6:30,,No review,BP,,,,,,,
2024,4/20/2024,7:30,,No review,BP,,,,,,,
2024,4/20/2024,8:30,,No review,BP,,,,,,,
2024,4/20/2024,9:30,,No review,BP,,,,,,,
2024,4/20/2024,10:30,,No review,BP,,,,,,,
2024,4/20/2024,11:30,,No review,BP,,,,,,,
2024,4/20/2024,12:30,,No review,BP,,,,,,,
2024,4/20/2024,13:30,,No review,BP,,,,,,,
2024,4/20/2024,14:30,,No review,BP,,,,,,,
2024,4/20/2024,15:30,,No review,BP,,,,,,,
2024,4/20/2024,16:30,,No review,BP,,,,,,,
2024,4/20/2024,17:30,,No review,BP,,,,,,,
2024,4/20/2024,18:30,,No review,BP,,,,,,,
2024,4/20/2024,19:30,,No review,BP,,,,,,,
2024,4/20/2024,20:30,,No review,BP,,,,,,,
2024,4/20/2024,21:30,,No review,BP,,,,,,,
2024,4/20/2024,22:30,,No review,BP,,,,,,,
2024,4/20/2024,23:30,,No review,BP,,,,,,,
2024,5/27/2024,0:00,Full,First 30,BP,No fish,,,,,,
2024,5/27/2024,0:30,Full,No review,BP,,,,,,,
2024,5/27/2024,1:00,Full,First 30,BP,1:14:58,4376,downstream,7.38,103.40,2,
2024,5/27/2024,1:30,Full,No review,BP,,,,,,,
2024,5/27/2024,2:00,Full,First 30,BP,2:29:40,8695,downstream,14.44,51.10,1,
2024,5/27/2024,2:30,Full,No review,BP,,,,,,,
2024,5/27/2024,3:00,Full,First 30,BP,No fish,,,,,,
2024,5/27/2024,3:30,Full,No review,BP,,,,,,,
2024,5/27/2024,4:00,Full,First 30,BP,4:22:58,6775,upstream,7.64,64.90,1,
2024,5/27/2024,4:30,Full,No review,BP,,,,,,,
2024,5/27/2024,5:00,Full,First 30,BP,No fish,,,,,,
2024,5/27/2024,5:30,Full,No review,BP,,,,,,,
2024,5/27/2024,6:00,Full,First 30,BP,No fish,,,,,,
2024,5/27/2024,6:30,Full,No review,BP,,,,,,,
2024,5/27/2024,7:00,Full,First 30,BP,7:23:46,7039,upstream,15.72,58.10,1,
2024,5/27/2024,7:00,Full,First 30,BP,7:26:39,7891,upstream,11.53,61.30,1,
2024,5/27/2024,7:30,Full,No review,BP,,,,,,,
2024,5/27/2024,8:00,Full,First 30,BP,No fish,,,,,,
2024,5/27/2024,8:30,Full,No review,BP,,,,,,,
2024,5/27/2024,9:00,Full,First 30,BP,No fish,,,,,,
2024,5/27/2024,9:30,Full,No review,BP,,,,,,,
2024,5/27/2024,10:00,Full,First 30,BP,No fish,,,,,,
2024,5/27/2024,10:30,Full,No review,BP,,,,,,,
2024,5/27/2024,11:00,Full,First 30,BP,No fish,,,,,,
2024,5/27/2024,11:30,Partial,No review,BP,,,,,,,
2024,5/27/2024,12:00,Partial,First 30,BP,No fish,,,,,,missing first minute
2024,5/27/2024,12:30,Partial,No review,BP,,,,,,,
2024,5/27/2024,13:00,Partial,First 30,BP,No fish,,,,,,missing first 1:05
2024,5/27/2024,13:30,Partial,No review,BP,,,,,,,
2024,5/27/2024,14:00,Partial,First 30,BP,No fish,,,,,,missing first 54 seconds
2024,5/27/2024,14:30,Partial,No review,BP,,,,,,,
2024,5/27/2024,15:00,Partial,First 30,BP,No fish,,,,,,missing first 58 seconds
2024,5/27/2024,15:30,Partial,No review,BP,,,,,,,
2024,5/27/2024,16:00,Full,First 30,BP,No fish,,,,,,
2024,5/27/2024,16:30,Full,No review,BP,,,,,,,
2024,5/27/2024,17:00,Full,First 30,BP,No fish,,,,,,
2024,5/27/2024,17:30,Full,No review,BP,,,,,,,
2024,5/27/2024,18:00,Full,First 30,BP,No fish,,,,,,
2024,5/27/2024,18:30,Full,No review,BP,,,,,,,
2024,5/27/2024,19:00,Full,First 30,BP,No fish,,,,,,
2024,5/27/2024,19:30,Full,No review,BP,,,,,,,
2024,5/27/2024,20:00,Full,First 30,BP,No fish,,,,,,
2024,5/27/2024,20:30,Full,No review,BP,,,,,,,
2024,5/27/2024,21:00,Full,First 30,BP,No fish,,,,,,
2024,5/27/2024,21:30,Full,No review,BP,,,,,,,
2024,5/27/2024,22:00,Full,First 30,BP,22:12:47,3726,upstream,11.63,62.60,1,
2024,5/27/2024,22:00,Full,First 30,BP,22:20:54,6090,upstream,5.51,63.00,1,
2024,5/27/2024,22:30,Full,No review,BP,,,,,,,
2024,5/27/2024,23:00,Full,First 30,BP,23:09:36,2813,upstream,13.64,137.90,2,huge fish! BC changed to 2
2024,5/27/2024,23:00,Full,First 30,BP,23:11:44,3440,downstream,18.63,61.00,2,BC changed to 2
2024,5/27/2024,23:00,Full,First 30,BP,23:27:31,8076,downstream,8.54,97.20,2,BC changed to 2
2024,5/27/2024,23:30,Full,No review,BP,,,,,,,
2024,5/30/2024,0:00,Full,First 30,BP,0:29:00,8975,downstream,13.70,77.40,1,
2024,5/30/2024,0:30,Full,No review,BP,,,,,,,
2024,5/30/2024,1:00,Full,First 30,BP,No fish,,,,,,
2024,5/30/2024,1:30,Full,No review,BP,,,,,,,
2024,5/30/2024,2:00,Full,First 30,BP,2:02:04,642,downstream,9.70,68.30,2,
2024,5/30/2024,2:30,Full,No review,BP,,,,,,,
2024,5/30/2024,3:00,Full,First 30,BP,3:13:38,4229,downstream,7.28,113.30,2,3 tracks moving downstream close together; pretty large. Seems more likely to be otters but can't say for sure
2024,5/30/2024,3:00,Full,First 30,BP,3:13:38,4229,downstream,7.87,123.10,2,3 tracks moving downstream close together; pretty large. Seems more likely to be otters but can't say for sure
2024,5/30/2024,3:00,Full,First 30,BP,3:13:38,4233,downstream,6.78,86.20,2,3 tracks moving downstream close together; pretty large. Seems more likely to be otters but can't say for sure
2024,5/30/2024,3:00,Full,First 30,BP,3:16:20,5103,downstream,7.20,94.50,2,BC changed to 2
2024,5/30/2024,3:30,Full,No review,BP,,,,,,,
2024,5/30/2024,4:00,Full,First 30,BP,No fish,,,,,,
2024,5/30/2024,4:30,Full,No review,BP,,,,,,,
2024,5/30/2024,5:00,Full,First 30,BP,No fish,,,,,,
2024,5/30/2024,5:30,Full,No review,BP,,,,,,,
2024,5/30/2024,6:00,Full,First 30,BP,No fish,,,,,,
2024,5/30/2024,6:30,Full,No review,BP,,,,,,,
2024,5/30/2024,7:00,Full,First 30,BP,No fish,,,,,,
2024,5/30/2024,7:30,Full,No review,BP,,,,,,,
2024,5/30/2024,8:00,Full,First 30,BP,No fish,,,,,,
2024,5/30/2024,8:30,Full,No review,BP,,,,,,,
2024,5/30/2024,9:00,Full,First 30,BP,No fish,,,,,,
2024,5/30/2024,9:30,Full,No review,BP,,,,,,,
2024,5/30/2024,10:00,Full,First 30,BP,No fish,,,,,,
2024,5/30/2024,10:30,Full,No review,BP,,,,,,,
2024,5/30/2024,11:00,Full,First 30,BP,No fish,,,,,,
2024,5/30/2024,11:30,Full,No review,BP,,,,,,,
2024,5/30/2024,12:00,Full,First 30,BP,No fish,,,,,,
2024,5/30/2024,12:30,Full,No review,BP,,,,,,,
2024,5/30/2024,13:00,Full,First 30,BP,No fish,,,,,,
2024,5/30/2024,13:30,Full,No review,BP,,,,,,,
2024,5/30/2024,14:00,Full,First 30,BP,No fish,,,,,,
2024,5/30/2024,14:30,Full,No review,BP,,,,,,,
2024,5/30/2024,15:00,Full,First 30,BP,No fish,,,,,,
2024,5/30/2024,15:30,Full,No review,BP,,,,,,,
2024,5/30/2024,16:00,Full,First 30,BP,No fish,,,,,,
2024,5/30/2024,16:30,Full,No review,BP,,,,,,,
2024,5/30/2024,17:00,Full,First 30,BP,No fish,,,,,,
2024,5/30/2024,17:30,Full,No review,BP,,,,,,,
2024,5/30/2024,18:00,Full,First 30,BP,No fish,,,,,,
2024,5/30/2024,18:30,Full,No review,BP,,,,,,,
2024,5/30/2024,19:00,Full,First 30,BP,No fish,,,,,,
2024,5/30/2024,19:30,Full,No review,BP,,,,,,,
2024,5/30/2024,20:00,Full,First 30,BP,No fish,,,,,,
2024,5/30/2024,20:30,Full,No review,BP,,,,,,,
2024,5/30/2024,21:00,Full,First 30,BP,21:29:33,9164,downstream,7.86,56.90,2,"otters, maybe?"
2024,5/30/2024,21:00,Full,First 30,BP,21:29:34,9168,downstream,9.37,65.70,2,"otters, maybe?"
2024,5/30/2024,21:00,Full,First 30,BP,21:29:34,9168,downstream,7.20,102.30,2,"otters, maybe?"
2024,5/30/2024,21:00,Full,First 30,BP,21:29:35,9176,downstream,7.71,107.50,2,"otters, maybe?"
2024,5/30/2024,21:30,Full,No review,BP,,,,,,,
2024,5/30/2024,22:00,Full,First 30,BP,22:12:09,3759,downstream,4.25,70.70,2,BC keep at 2
2024,5/30/2024,22:30,Full,No review,BP,,,,,,,
2024,5/30/2024,23:00,Full,First 30,BP,23:12:29,3873,downstream,7.42,74.20,1,
2024,5/30/2024,23:30,Full,No review,BP,,,,,,,
2024,6/5/2024,0:00,Full,First 30,BP,0:29:06,8969,upstream,15.98,101.30,2,BC changed to 2
2024,6/5/2024,0:00,Full,First 30,BP,0:29:18,9031,downstream,15.31,113.10,2,BC changed to 2
2024,6/5/2024,0:30,Full,No review,BP,,,,,,,
2024,6/5/2024,1:00,Full,First 30,BP,No fish,,,,,,
2024,6/5/2024,1:30,Full,No review,BP,,,,,,,
2024,6/5/2024,2:00,Full,First 30,BP,No fish,,,,,,
2024,6/5/2024,2:30,Full,No review,BP,,,,,,,
2024,6/5/2024,3:00,Full,First 30,BP,No fish,,,,,,
2024,6/5/2024,3:30,Full,No review,BP,,,,,,,
2024,6/5/2024,4:00,Full,First 30,BP,No fish,,,,,,
2024,6/5/2024,4:30,Full,No review,BP,,,,,,,
2024,6/5/2024,5:00,Full,First 30,BP,No fish,,,,,,
2024,6/5/2024,5:30,Full,No review,BP,,,,,,,
2024,6/5/2024,6:00,Full,First 30,BP,No fish,,,,,,
2024,6/5/2024,6:30,Full,No review,BP,,,,,,,
2024,6/5/2024,7:00,Full,First 30,BP,No fish,,,,,,
2024,6/5/2024,7:30,Full,No review,BP,,,,,,,
2024,6/5/2024,8:00,Full,First 30,BP,No fish,,,,,,
2024,6/5/2024,8:30,Full,No review,BP,,,,,,,
2024,6/5/2024,9:00,Full,First 30,BP,No fish,,,,,,
2024,6/5/2024,9:30,Full,No review,BP,,,,,,,
2024,6/5/2024,10:00,Full,First 30,BP,No fish,,,,,,
2024,6/5/2024,10:30,Full,No review,BP,,,,,,,
2024,6/5/2024,11:00,Full,First 30,BP,No fish,,,,,,
2024,6/5/2024,11:30,Full,No review,BP,,,,,,,
2024,6/5/2024,12:00,Full,First 30,BP,No fish,,,,,,
2024,6/5/2024,12:30,Full,No review,BP,,,,,,,
2024,6/5/2024,13:00,Full,First 30,BP,No fish,,,,,,
2024,6/5/2024,13:30,Full,No review,BP,,,,,,,
2024,6/5/2024,14:00,Full,First 30,BP,No fish,,,,,,
2024,6/5/2024,14:30,Full,No review,BP,,,,,,,
2024,6/5/2024,15:00,Full,First 30,BP,No fish,,,,,,
2024,6/5/2024,15:30,Full,No review,BP,,,,,,,
2024,6/5/2024,16:00,Full,First 30,BP,No fish,,,,,,
2024,6/5/2024,16:30,Full,No review,BP,,,,,,,
2024,6/5/2024,17:00,Full,First 30,BP,No fish,,,,,,
2024,6/5/2024,17:30,Full,No review,BP,,,,,,,
2024,6/5/2024,18:00,Full,First 30,BP,No fish,,,,,,
2024,6/5/2024,18:30,Full,No review,BP,,,,,,,
2024,6/5/2024,19:00,Full,First 30,BP,No fish,,,,,,
2024,6/5/2024,19:30,Full,No review,BP,,,,,,,
2024,6/5/2024,20:00,Full,First 30,BP,20:05:04,1540,upstream,8.60,61.80,1,
2024,6/5/2024,20:30,Full,No review,BP,,,,,,,
2024,6/5/2024,21:00,Full,First 30,BP,No fish,,,,,,
2024,6/5/2024,21:30,Full,No review,BP,,,,,,,
2024,6/5/2024,22:00,Full,First 30,BP,22:04:45,1451,downstream,14.38,71.90,2,imagery is poor
2024,6/5/2024,22:30,Full,No review,BP,,,,,,,
2024,6/5/2024,23:00,Full,First 30,BP,No fish,,,,,,
2024,6/5/2024,23:30,Full,No review,BP,,,,,,,
2024,1/24/2024,0:00,Full,First 30,SM,No fish,,,,,,Lots of feedback 
2024,1/24/2024,0:30,Full,No review,SM,,,,,,,
2024,1/24/2024,1:00,Full,First 30,SM,No fish,,,,,,Lots of feedback 
2024,1/24/2024,1:30,Full,No review,SM,,,,,,,
2024,1/24/2024,2:00,Full,First 30,SM,No fish,,,,,,Lots of feedback 
2024,1/24/2024,2:30,Full,No review,SM,,,,,,,
2024,1/24/2024,3:00,Full,First 30,SM,No fish,,,,,,Lots of feedback 
2024,1/24/2024,3:30,Full,No review,SM,,,,,,,
2024,1/24/2024,4:00,Full,First 30,SM,No fish,,,,,,Lots of feedback 
2024,1/24/2024,4:30,Full,No review,SM,,,,,,,
2024,1/24/2024,5:00,Full,First 30,SM,No fish,,,,,,Lots of feedback 
2024,1/24/2024,5:30,Full,No review,SM,,,,,,,
2024,1/24/2024,6:00,Full,First 30,SM,No fish,,,,,,Lots of feedback 
2024,1/24/2024,6:30,Full,No review,SM,,,,,,,
2024,1/24/2024,7:00,Full,First 30,SM,No fish,,,,,,Lots of feedback 
2024,1/24/2024,7:30,Full,No review,SM,,,,,,,
2024,1/24/2024,8:00,Full,First 30,SM,No fish,,,,,,Lots of feedback 
2024,1/24/2024,8:30,Full,No review,SM,,,,,,,
2024,1/24/2024,9:00,Full,First 30,SM,No fish,,,,,,Lots of feedback 
2024,1/24/2024,9:30,Full,No review,SM,,,,,,,
2024,1/24/2024,10:00,Full,First 30,SM,No fish,,,,,,Lots of feedback 
2024,1/24/2024,10:30,Full,No review,SM,,,,,,,
2024,1/24/2024,11:00,Full,First 30,SM,No fish,,,,,,Lots of feedback 
2024,1/24/2024,11:30,Full,No review,SM,,,,,,,
2024,1/24/2024,12:00,Full,First 30,SM,No fish,,,,,,Lots of feedback 
2024,1/24/2024,12:30,Full,No review,SM,,,,,,,
2024,1/24/2024,13:00,Full,First 30,SM,No fish,,,,,,Lots of feedback 
2024,1/24/2024,13:30,Full,No review,SM,,,,,,,
2024,1/24/2024,14:00,Full,First 30,SM,No fish,,,,,,Lots of feedback 
2024,1/24/2024,14:30,Full,No review,SM,,,,,,,
2024,1/24/2024,15:00,Full,First 30,SM,No fish,,,,,,Lots of feedback 
2024,1/24/2024,15:30,Full,No review,SM,,,,,,,
2024,1/24/2024,16:00,Full,First 30,SM,No fish,,,,,,Lots of feedback 
2024,1/24/2024,16:30,Full,No review,SM,,,,,,,
2024,1/24/2024,17:00,Full,First 30,SM,17:00:26,122,downstream,11.21,69.3,1,Lots of feedback 
2024,1/24/2024,17:30,Full,No review,SM,,,,,,,
2024,1/24/2024,18:00,Full,First 30,SM,No fish,,,,,,Lots of feedback 
2024,1/24/2024,18:30,Full,No review,SM,,,,,,,
2024,1/24/2024,19:00,Full,First 30,SM,19:19:30,5860,upstream,11.77,75.3,1,Lots of feedback 
2024,1/24/2024,19:30,Full,No review,SM,,,,,,,
2024,1/24/2024,20:00,Full,First 30,SM,No fish,,,,,,Lots of feedback 
2024,1/24/2024,20:30,Full,No review,SM,,,,,,,
2024,1/24/2024,21:00,Full,First 30,SM,No fish,,,,,,Lots of feedback 
2024,1/24/2024,21:30,Full,No review,SM,,,,,,,
2024,1/24/2024,22:00,Full,First 30,SM,No fish,,,,,,Lots of feedback 
2024,1/24/2024,22:30,Full,No review,SM,,,,,,,
2024,1/24/2024,23:00,Full,First 30,SM,No fish,,,,,,Lots of feedback 
2024,1/24/2024,23:30,Full,No review,SM,,,,,,,
2024,5/19/2024,0:00,Full,First 30,SM,0:04:04,1140,downstream,9.26,46.5,1,
2024,5/19/2024,0:30,Full,No review,SM,,,,,,,
2024,5/19/2024,1:00,Full,First 30,SM,1:15:20,4400,downstream,6.96,76,1,
2024,5/19/2024,1:30,Full,No review,SM,,,,,,,
2024,5/19/2024,2:00,Full,First 30,SM,No fish,,,,,,
2024,5/19/2024,2:30,Full,No review,SM,,,,,,,
2024,5/19/2024,3:00,Full,First 30,SM,No fish,,,,,,
2024,5/19/2024,3:30,Full,No review,SM,,,,,,,
2024,5/19/2024,4:00,Full,First 30,SM,No fish,,,,,,
2024,5/19/2024,4:30,Full,No review,SM,,,,,,,
2024,5/19/2024,5:00,Full,First 30,SM,No fish,,,,,,
2024,5/19/2024,5:30,Full,No review,SM,,,,,,,
2024,5/19/2024,6:00,Full,First 30,SM,No fish,,,,,,
2024,5/19/2024,6:30,Full,No review,SM,,,,,,,
2024,5/19/2024,7:00,Full,First 30,SM,No fish,,,,,,
2024,5/19/2024,7:30,Full,No review,SM,,,,,,,
2024,5/19/2024,8:00,Full,First 30,SM,No fish,,,,,,
2024,5/19/2024,8:30,Full,No review,SM,,,,,,,
2024,5/19/2024,9:00,Full,First 30,SM,No fish,,,,,,
2024,5/19/2024,9:30,Full,No review,SM,,,,,,,
2024,5/19/2024,10:00,Full,First 30,SM,No fish,,,,,,
2024,5/19/2024,10:30,Full,No review,SM,,,,,,,
2024,5/19/2024,11:00,Full,First 30,SM,No fish,,,,,,
2024,5/19/2024,11:30,Full,No review,SM,,,,,,,
2024,5/19/2024,12:00,Full,First 30,SM,No fish,,,,,,
2024,5/19/2024,12:30,Full,No review,SM,,,,,,,
2024,5/19/2024,13:00,Full,First 30,SM,No fish,,,,,,
2024,5/19/2024,13:30,Full,No review,SM,,,,,,,
2024,5/19/2024,14:00,Full,First 30,SM,No fish,,,,,,
2024,5/19/2024,14:30,Full,No review,SM,,,,,,,
2024,5/19/2024,15:00,Full,First 30,SM,No fish,,,,,,
2024,5/19/2024,15:30,Full,No review,SM,,,,,,,
2024,5/19/2024,16:00,Full,First 30,SM,No fish,,,,,,
2024,5/19/2024,16:30,Full,No review,SM,,,,,,,
2024,5/19/2024,17:00,Full,First 30,SM,No fish,,,,,,
2024,5/19/2024,17:30,Full,No review,SM,,,,,,,
2024,5/19/2024,18:00,Full,First 30,SM,No fish,,,,,,
2024,5/19/2024,18:30,Full,No review,SM,,,,,,,
2024,5/19/2024,19:00,Full,First 30,SM,No fish,,,,,,
2024,5/19/2024,19:30,Full,No review,SM,,,,,,,
2024,5/19/2024,20:00,Full,First 30,SM,No fish,,,,,,
2024,5/19/2024,20:30,Full,No review,SM,,,,,,,
2024,5/19/2024,21:00,Full,First 30,SM,21:10:45,2842,upstream,8.61,53.3,1,
2024,5/19/2024,21:30,Full,No review,SM,,,,,,,
2024,5/19/2024,22:00,Full,First 30,SM,22:04:02,1053,upstream,10.77,67.7,1,
2024,5/19/2024,22:30,Full,No review,SM,,,,,,,
2024,5/19/2024,23:00,Full,First 30,SM,No fish,,,,,,
2024,5/19/2024,23:30,Full,No review,SM,,,,,,,
2024,5/27/2024,0:30,Full,No review,SM,,,,,,,
2024,5/27/2024,1:00,Full,First 30,SM,1:22:34,6610,downstream,11.62,54.5,1,
2024,5/27/2024,1:30,Full,No review,SM,,,,,,,
2024,5/27/2024,2:00,Full,First 30,SM,2:19:03,5574,downstream,11.33,73.5,1,
2024,5/27/2024,2:30,Full,No review,SM,,,,,,,
2024,5/27/2024,3:00,Full,First 30,SM,No fish,,,,,,
2024,5/27/2024,3:30,Full,No review,SM,,,,,,,
2024,5/27/2024,4:00,Full,First 30,SM,4:22:57,6769,upstream,7.59,67.6,1,
2024,5/27/2024,4:30,Full,No review,SM,,,,,,,
2024,5/27/2024,5:00,Full,First 30,SM,No fish,,,,,,
2024,5/27/2024,5:30,Full,No review,SM,,,,,,,
2024,5/27/2024,6:00,Full,First 30,SM,No fish,,,,,,
2024,5/27/2024,6:30,Full,No review,SM,,,,,,,
2024,5/27/2024,7:00,Full,First 30,SM,7:26:42,7903,upstream,11.72,84.9,1,
2024,5/27/2024,7:30,Full,No review,SM,,,,,,,
2024,5/27/2024,8:00,Full,First 30,SM,No fish,,,,,,
2024,5/27/2024,8:30,Full,No review,SM,,,,,,,
2024,5/27/2024,9:00,Full,First 30,SM,No fish,,,,,,
2024,5/27/2024,9:30,Full,No review,SM,,,,,,,
2024,5/27/2024,10:00,Full,First 30,SM,No fish,,,,,,
2024,5/27/2024,10:30,Full,No review,SM,,,,,,,
2024,5/27/2024,11:00,Full,First 30,SM,11:29:11,8069,upstream,11.09,51.8,1,
2024,5/27/2024,11:30,Full,No review,SM,,,,,,,
2024,5/27/2024,12:00,Full,First 30,SM,No fish,,,,,,Starts at 12:01
2024,5/27/2024,12:30,Full,No review,SM,,,,,,,
2024,5/27/2024,13:00,Full,First 30,SM,No fish,,,,,,Starts at 13:01
2024,5/27/2024,13:30,Full,No review,SM,,,,,,,
2024,5/27/2024,14:00,Full,First 30,SM,No fish,,,,,,Starts at 14:00:55
2024,5/27/2024,14:30,Full,No review,SM,,,,,,,
2024,5/27/2024,15:00,Full,First 30,SM,No fish,,,,,,
2024,5/27/2024,15:30,Full,No review,SM,,,,,,,
2024,5/27/2024,16:00,Full,First 30,SM,No fish,,,,,,
2024,5/27/2024,16:30,Full,No review,SM,,,,,,,
2024,5/27/2024,17:00,Full,First 30,SM,No fish,,,,,,
2024,5/27/2024,17:30,Full,No review,SM,,,,,,,
2024,5/27/2024,18:00,Full,First 30,SM,No fish,,,,,,
2024,5/27/2024,18:30,Full,No review,SM,,,,,,,
2024,5/27/2024,19:00,Full,First 30,SM,No fish,,,,,,
2024,5/27/2024,19:30,Full,No review,SM,,,,,,,
2024,5/27/2024,20:00,Full,First 30,SM,No fish,,,,,,
2024,5/27/2024,20:30,Full,No review,SM,,,,,,,
2024,5/27/2024,21:00,Full,First 30,SM,No fish,,,,,,
2024,5/27/2024,21:30,Full,No review,SM,,,,,,,
2024,5/27/2024,22:00,Full,First 30,SM,22:12:47,3727,upstream,11.62,63.5,1,
2024,5/27/2024,22:00,Full,First 30,SM,22:20:56,6101,upstream,5.96,61.4,1,
2024,5/27/2024,22:30,Full,No review,SM,,,,,,,
2024,5/27/2024,23:00,Full,First 30,SM,23:11:44,3440,downstream,18.58,80,1,
2024,5/27/2024,23:30,Full,No review,SM,,,,,,,
2024,5/30/2024,0:00,Full,First 30,SM,0:29:02,8984,downstream,13.53,77.4,1,
2024,5/30/2024,0:30,Full,No review,SM,,,,,,,
2024,5/30/2024,1:00,Full,First 30,SM,No fish,,,,,,
2024,5/30/2024,1:30,Full,No review,SM,,,,,,,
2024,5/30/2024,2:00,Full,First 30,SM,2:02:04,641,downstream,9.2,34.6,2,"There are other tags on a fish here, but I don’t see the fish being larger than ~35 cm when looking at the most defined image of the fish. I think the larger ""fish"" images are mostly arcing and background noise"
2024,5/30/2024,2:30,Full,No review,SM,,,,,,,
2024,5/30/2024,3:00,Full,First 30,SM,No fish ,,,,,,"Other tags on this file too, but shapes appear too large/oddly shaped esp without background subtraction"
2024,5/30/2024,3:30,Full,No review,SM,,,,,,,
2024,5/30/2024,4:00,Full,First 30,SM,No fish,,,,,,
2024,5/30/2024,4:30,Full,No review,SM,,,,,,,
2024,5/30/2024,5:00,Full,First 30,SM,No fish,,,,,,
2024,5/30/2024,5:30,Full,No review,SM,,,,,,,
2024,5/30/2024,6:00,Full,First 30,SM,No fish,,,,,,
2024,5/30/2024,6:30,Full,No review,SM,,,,,,,
2024,5/30/2024,7:00,Full,First 30,SM,No fish,,,,,,
2024,5/30/2024,7:30,Full,No review,SM,,,,,,,
2024,5/30/2024,8:00,Full,First 30,SM,No fish,,,,,,
2024,5/30/2024,8:30,Full,No review,SM,,,,,,,
2024,5/30/2024,9:00,Full,First 30,SM,No fish,,,,,,
2024,5/30/2024,9:30,Full,No review,SM,,,,,,,
2024,5/30/2024,10:00,Full,First 30,SM,No fish,,,,,,
2024,5/30/2024,10:30,Full,No review,SM,,,,,,,
2024,5/30/2024,11:00,Full,First 30,SM,No fish,,,,,,
2024,5/30/2024,11:30,Full,No review,SM,,,,,,,
2024,5/30/2024,12:00,Full,First 30,SM,No fish,,,,,,
2024,5/30/2024,12:30,Full,No review,SM,,,,,,,
2024,5/30/2024,13:00,Full,First 30,SM,No fish,,,,,,
2024,5/30/2024,13:30,Full,No review,SM,,,,,,,
2024,5/30/2024,14:00,Full,First 30,SM,No fish,,,,,,
2024,5/30/2024,14:30,Full,No review,SM,,,,,,,
2024,5/30/2024,15:00,Full,First 30,SM,No fish,,,,,,
2024,5/30/2024,15:30,Full,No review,SM,,,,,,,
2024,5/30/2024,16:00,Full,First 30,SM,No fish,,,,,,
2024,5/30/2024,16:30,Full,No review,SM,,,,,,,
2024,5/30/2024,17:00,Full,First 30,SM,No fish,,,,,,
2024,5/30/2024,17:30,Full,No review,SM,,,,,,,
2024,5/30/2024,18:00,Full,First 30,SM,No fish,,,,,,
2024,5/30/2024,18:30,Full,No review,SM,,,,,,,
2024,5/30/2024,19:00,Full,First 30,SM,No fish,,,,,,
2024,5/30/2024,19:30,Full,No review,SM,,,,,,,
2024,5/30/2024,20:00,Full,First 30,SM,No fish,,,,,,
2024,5/30/2024,20:30,Full,No review,SM,,,,,,,
2024,5/30/2024,21:00,Full,First 30,SM,21:29:33,9163,downstream,7.88,52.8,1,
2024,5/30/2024,21:00,Full,First 30,SM,21:29:33,,,,,3,"Other two shapes at this same time appear to be longer than an expected size for fish ~1.45 m, and have different swim pattern "
2024,5/30/2024,21:00,Full,First 30,SM,21:29:33,9163,downstream,9.13,54.3,1,
2024,5/30/2024,21:30,Full,No review,SM,,,,,,,
2024,5/30/2024,22:00,Full,First 30,SM,No fish,,,,,,
2024,5/30/2024,22:30,Full,No review,SM,,,,,,,
2024,5/30/2024,23:00,Full,First 30,SM,23:12:28,3867,downstream,7.33,50.8,1,
2024,5/30/2024,23:30,Full,No review,SM,,,,,,,
2024,6/5/2024,0:00,Full,First 30,SM,No fish,,,,,,
2024,6/5/2024,0:30,Full,No review,SM,,,,,,,
2024,6/5/2024,1:00,Full,First 30,SM,No fish,,,,,,
2024,6/5/2024,1:30,Full,No review,SM,,,,,,,
2024,6/5/2024,2:00,Full,First 30,SM,No fish,,,,,,
2024,6/5/2024,2:30,Full,No review,SM,,,,,,,
2024,6/5/2024,3:00,Full,First 30,SM,No fish,,,,,,
2024,6/5/2024,3:30,Full,No review,SM,,,,,,,
2024,6/5/2024,4:00,Full,First 30,SM,No fish,,,,,,
2024,6/5/2024,4:30,Full,No review,SM,,,,,,,
2024,6/5/2024,5:00,Full,First 30,SM,No fish,,,,,,
2024,6/5/2024,5:30,Full,No review,SM,,,,,,,
2024,6/5/2024,6:00,Full,First 30,SM,No fish,,,,,,
2024,6/5/2024,6:30,Full,No review,SM,,,,,,,
2024,6/5/2024,7:00,Full,First 30,SM,No fish,,,,,,
2024,6/5/2024,7:30,Full,No review,SM,,,,,,,
2024,6/5/2024,8:00,Full,First 30,SM,No fish,,,,,,
2024,6/5/2024,8:30,Full,No review,SM,,,,,,,
2024,6/5/2024,9:00,Full,First 30,SM,No fish,,,,,,
2024,6/5/2024,9:30,Full,No review,SM,,,,,,,
2024,6/5/2024,10:00,Full,First 30,SM,No fish,,,,,,
2024,6/5/2024,10:30,Full,No review,SM,,,,,,,
2024,6/5/2024,11:00,Full,First 30,SM,No fish,,,,,,
2024,6/5/2024,11:30,Full,No review,SM,,,,,,,
2024,6/5/2024,12:00,Full,First 30,SM,No fish,,,,,,
2024,6/5/2024,12:30,Full,No review,SM,,,,,,,
2024,6/5/2024,13:00,Full,First 30,SM,No fish,,,,,,
2024,6/5/2024,13:30,Full,No review,SM,,,,,,,
2024,6/5/2024,14:00,Full,First 30,SM,No fish,,,,,,
2024,6/5/2024,14:30,Full,No review,SM,,,,,,,
2024,6/5/2024,15:00,Full,First 30,SM,No fish,,,,,,
2024,6/5/2024,15:30,Full,No review,SM,,,,,,,
2024,6/5/2024,16:00,Full,First 30,SM,No fish,,,,,,
2024,6/5/2024,16:30,Full,No review,SM,,,,,,,
2024,6/5/2024,17:00,Full,First 30,SM,No fish,,,,,,
2024,6/5/2024,17:30,Full,No review,SM,,,,,,,
2024,6/5/2024,18:00,Full,First 30,SM,No fish,,,,,,
2024,6/5/2024,18:30,Full,No review,SM,,,,,,,
2024,6/5/2024,19:00,Full,First 30,SM,No fish,,,,,,
2024,6/5/2024,19:30,Full,No review,SM,,,,,,,
2024,6/5/2024,20:00,Full,First 30,SM,20:05:08,1561,upstream,9.83,57.9,1,
2024,6/5/2024,20:30,Full,No review,SM,,,,,,,
2024,6/5/2024,21:00,Full,First 30,SM,No fish,,,,,,
2024,6/5/2024,21:30,Full,No review,SM,,,,,,,
2024,6/5/2024,22:00,Full,First 30,SM,22:29:07,8948,upstream,8.36,141.3,3,"Maybe an otter or other animal because of size, but swims like a fish"
2024,6/5/2024,22:30,Full,No review,SM,,,,,,,
2024,6/5/2024,23:00,Full,First 30,SM,No fish,,,,,,
2024,6/5/2024,23:30,Full,No review,SM,,,,,,,
